<?xml version='1.0' encoding='UTF-8' standalone='yes' ?>
<gpx version="1.1" creator="OsmAnd 5.3.10" xmlns="http://www.topografix.com/GPX/1/1" xmlns:osmand="https://osmand.net/docs/technical/osmand-file-formats/osmand-gpx" xmlns:gpxtpx="https://www8.garmin.com/xmlschemas/TrackPointExtensionv1.xsd" xmlns:xsi="http://www.w3.org/2001/XMLSchema-instance" xsi:schemaLocation="http://www.topografix.com/GPX/1/1 https://www.topografix.com/GPX/1/1/gpx.xsd">
  <metadata>
    <name>Tibu sendalem</name>
    <time>2026-07-26T05:13:54Z</time>
  </metadata>
  <trk>
    <trkseg>
      <trkpt lat="-8.5409343" lon="116.2453027">
        <ele>297.1</ele>
        <time>2026-07-26T03:49:24Z</time>
        <hdop>6.4</hdop>
      </trkpt>
      <trkpt lat="-8.5409258" lon="116.2452388">
        <ele>297.1</ele>
        <time>2026-07-26T03:49:29Z</time>
        <hdop>10.1</hdop>
        <extensions>
          <osmand:speed>0.1</osmand:speed>
        </extensions>
      </trkpt>
      <trkpt lat="-8.5409303" lon="116.2452464">
        <ele>297.1</ele>
        <time>2026-07-26T03:49:34Z</time>
        <hdop>4.7</hdop>
        <extensions>
          <osmand:speed>0.1</osmand:speed>
        </extensions>
      </trkpt>
      <trkpt lat="-8.5409394" lon="116.2452522">
        <ele>297.1</ele>
        <time>2026-07-26T03:49:40Z</time>
        <hdop>4</hdop>
        <extensions>
          <osmand:speed>0.1</osmand:speed>
        </extensions>
      </trkpt>
      <trkpt lat="-8.5409437" lon="116.2452537">
        <ele>297.1</ele>
        <time>2026-07-26T03:49:45Z</time>
        <hdop>4</hdop>
        <extensions>
          <osmand:speed>0.1</osmand:speed>
        </extensions>
      </trkpt>
      <trkpt lat="-8.540966" lon="116.2452607">
        <ele>297.1</ele>
        <time>2026-07-26T03:49:50Z</time>
        <hdop>5.8</hdop>
        <extensions>
          <osmand:speed>0.5</osmand:speed>
        </extensions>
      </trkpt>
      <trkpt lat="-8.5409812" lon="116.2452602">
        <ele>297.1</ele>
        <time>2026-07-26T03:49:56Z</time>
        <hdop>4.3</hdop>
        <extensions>
          <osmand:speed>0.1</osmand:speed>
        </extensions>
      </trkpt>
      <trkpt lat="-8.5409809" lon="116.2452637">
        <ele>297.1</ele>
        <time>2026-07-26T03:50:01Z</time>
        <hdop>3</hdop>
        <extensions>
          <osmand:speed>0.1</osmand:speed>
        </extensions>
      </trkpt>
      <trkpt lat="-8.5409808" lon="116.2452611">
        <ele>297.1</ele>
        <time>2026-07-26T03:50:06Z</time>
        <hdop>3</hdop>
        <extensions>
          <osmand:speed>0.2</osmand:speed>
        </extensions>
      </trkpt>
      <trkpt lat="-8.5409471" lon="116.2452674">
        <ele>297.1</ele>
        <time>2026-07-26T03:50:11Z</time>
        <hdop>4.1</hdop>
        <extensions>
          <osmand:speed>0.8</osmand:speed>
        </extensions>
      </trkpt>
      <trkpt lat="-8.5409296" lon="116.2453274">
        <ele>297.1</ele>
        <time>2026-07-26T03:50:17Z</time>
        <hdop>5.3</hdop>
        <extensions>
          <osmand:speed>0.7</osmand:speed>
        </extensions>
      </trkpt>
      <trkpt lat="-8.5409396" lon="116.2453425">
        <ele>297.1</ele>
        <time>2026-07-26T03:50:22Z</time>
        <hdop>3.3</hdop>
        <extensions>
          <osmand:speed>0.1</osmand:speed>
        </extensions>
      </trkpt>
      <trkpt lat="-8.5409452" lon="116.2453444">
        <ele>297.1</ele>
        <time>2026-07-26T03:50:28Z</time>
        <hdop>3.2</hdop>
        <extensions>
          <osmand:speed>0.1</osmand:speed>
        </extensions>
      </trkpt>
      <trkpt lat="-8.5409508" lon="116.2453468">
        <ele>297.1</ele>
        <time>2026-07-26T03:50:34Z</time>
        <hdop>4</hdop>
        <extensions>
          <osmand:speed>0.1</osmand:speed>
        </extensions>
      </trkpt>
      <trkpt lat="-8.5409566" lon="116.2453458">
        <ele>297.1</ele>
        <time>2026-07-26T03:50:39Z</time>
        <hdop>4.7</hdop>
        <extensions>
          <osmand:speed>0.1</osmand:speed>
        </extensions>
      </trkpt>
      <trkpt lat="-8.5411906" lon="116.2452378">
        <ele>297.1</ele>
        <time>2026-07-26T03:50:45Z</time>
        <hdop>8</hdop>
        <extensions>
          <osmand:speed>3.2</osmand:speed>
        </extensions>
      </trkpt>
      <trkpt lat="-8.5412761" lon="116.2451559">
        <ele>297.1</ele>
        <time>2026-07-26T03:50:50Z</time>
        <hdop>10.2</hdop>
      </trkpt>
      <trkpt lat="-8.5411765" lon="116.2450505">
        <ele>290</ele>
        <time>2026-07-26T03:50:56Z</time>
        <hdop>9.9</hdop>
        <extensions>
          <osmand:speed>2.1</osmand:speed>
        </extensions>
      </trkpt>
      <trkpt lat="-8.541149" lon="116.2448864">
        <ele>290</ele>
        <time>2026-07-26T03:51:02Z</time>
        <hdop>9.9</hdop>
        <extensions>
          <osmand:speed>1.5</osmand:speed>
        </extensions>
      </trkpt>
      <trkpt lat="-8.5411304" lon="116.2447504">
        <ele>290</ele>
        <time>2026-07-26T03:51:08Z</time>
        <hdop>9.9</hdop>
        <extensions>
          <osmand:speed>2.1</osmand:speed>
        </extensions>
      </trkpt>
      <trkpt lat="-8.5411007" lon="116.2446167">
        <ele>289.4</ele>
        <time>2026-07-26T03:51:14Z</time>
        <hdop>10</hdop>
        <extensions>
          <osmand:speed>1.5</osmand:speed>
        </extensions>
      </trkpt>
      <trkpt lat="-8.5411048" lon="116.2445126">
        <ele>289.4</ele>
        <time>2026-07-26T03:51:20Z</time>
        <hdop>10</hdop>
        <extensions>
          <osmand:speed>2.3</osmand:speed>
        </extensions>
      </trkpt>
      <trkpt lat="-8.5410859" lon="116.2444657">
        <ele>289.4</ele>
        <time>2026-07-26T03:51:26Z</time>
        <hdop>9.9</hdop>
      </trkpt>
      <trkpt lat="-8.5411017" lon="116.2444582">
        <ele>289.4</ele>
        <time>2026-07-26T03:51:32Z</time>
        <hdop>9.9</hdop>
      </trkpt>
      <trkpt lat="-8.5411045" lon="116.244456">
        <ele>289.4</ele>
        <time>2026-07-26T03:51:38Z</time>
        <hdop>9.9</hdop>
      </trkpt>
      <trkpt lat="-8.5407121" lon="116.244576">
        <ele>289.4</ele>
        <time>2026-07-26T03:51:44Z</time>
        <hdop>9.9</hdop>
        <extensions>
          <osmand:speed>7.9</osmand:speed>
        </extensions>
      </trkpt>
      <trkpt lat="-8.5404168" lon="116.2448231">
        <ele>289.4</ele>
        <time>2026-07-26T03:51:49Z</time>
        <hdop>9.9</hdop>
        <extensions>
          <osmand:speed>8.4</osmand:speed>
        </extensions>
      </trkpt>
      <trkpt lat="-8.5402076" lon="116.2451351">
        <ele>289.4</ele>
        <time>2026-07-26T03:51:55Z</time>
        <hdop>9.9</hdop>
        <extensions>
          <osmand:speed>5.8</osmand:speed>
        </extensions>
      </trkpt>
      <trkpt lat="-8.5400321" lon="116.2453394">
        <ele>294.4</ele>
        <time>2026-07-26T03:52:00Z</time>
        <hdop>9.9</hdop>
        <extensions>
          <osmand:speed>5.3</osmand:speed>
        </extensions>
      </trkpt>
      <trkpt lat="-8.5398159" lon="116.245305">
        <ele>294.6</ele>
        <time>2026-07-26T03:52:06Z</time>
        <hdop>9.9</hdop>
        <extensions>
          <osmand:speed>4.1</osmand:speed>
        </extensions>
      </trkpt>
      <trkpt lat="-8.5396327" lon="116.2451748">
        <ele>294.6</ele>
        <time>2026-07-26T03:52:12Z</time>
        <hdop>9.9</hdop>
        <extensions>
          <osmand:speed>3.4</osmand:speed>
        </extensions>
      </trkpt>
      <trkpt lat="-8.53954" lon="116.2450331">
        <ele>294.6</ele>
        <time>2026-07-26T03:52:17Z</time>
        <hdop>10</hdop>
        <extensions>
          <osmand:speed>4.2</osmand:speed>
        </extensions>
      </trkpt>
      <trkpt lat="-8.5393919" lon="116.2448466">
        <ele>294.6</ele>
        <time>2026-07-26T03:52:23Z</time>
        <hdop>12.1</hdop>
        <extensions>
          <osmand:speed>4.1</osmand:speed>
        </extensions>
      </trkpt>
      <trkpt lat="-8.5392662" lon="116.2445833">
        <ele>294.6</ele>
        <time>2026-07-26T03:52:28Z</time>
        <hdop>12.8</hdop>
        <extensions>
          <osmand:speed>5.2</osmand:speed>
        </extensions>
      </trkpt>
      <trkpt lat="-8.5391346" lon="116.244245">
        <ele>294.6</ele>
        <time>2026-07-26T03:52:34Z</time>
        <hdop>14.4</hdop>
        <extensions>
          <osmand:speed>5.8</osmand:speed>
        </extensions>
      </trkpt>
      <trkpt lat="-8.5389764" lon="116.2439872">
        <ele>294.6</ele>
        <time>2026-07-26T03:52:39Z</time>
        <hdop>13.6</hdop>
        <extensions>
          <osmand:speed>6.3</osmand:speed>
        </extensions>
      </trkpt>
      <trkpt lat="-8.5386207" lon="116.2436424">
        <ele>294.6</ele>
        <time>2026-07-26T03:52:45Z</time>
        <hdop>15.6</hdop>
        <extensions>
          <osmand:speed>8.4</osmand:speed>
        </extensions>
      </trkpt>
      <trkpt lat="-8.5383341" lon="116.2434711">
        <ele>313.6</ele>
        <time>2026-07-26T03:52:51Z</time>
        <hdop>14.7</hdop>
        <extensions>
          <osmand:speed>4.7</osmand:speed>
        </extensions>
      </trkpt>
      <trkpt lat="-8.5380901" lon="116.243457">
        <ele>313.6</ele>
        <time>2026-07-26T03:52:57Z</time>
        <hdop>15.7</hdop>
        <extensions>
          <osmand:speed>5.2</osmand:speed>
        </extensions>
      </trkpt>
      <trkpt lat="-8.5377199" lon="116.2434029">
        <ele>313.6</ele>
        <time>2026-07-26T03:53:03Z</time>
        <hdop>19.7</hdop>
        <extensions>
          <osmand:speed>7.3</osmand:speed>
        </extensions>
      </trkpt>
      <trkpt lat="-8.537314" lon="116.2433107">
        <ele>313.6</ele>
        <time>2026-07-26T03:53:09Z</time>
        <hdop>15.5</hdop>
        <extensions>
          <osmand:speed>7.3</osmand:speed>
        </extensions>
      </trkpt>
      <trkpt lat="-8.5369796" lon="116.2435342">
        <ele>313.6</ele>
        <time>2026-07-26T03:53:15Z</time>
        <hdop>11.9</hdop>
        <extensions>
          <osmand:speed>8.5</osmand:speed>
        </extensions>
      </trkpt>
      <trkpt lat="-8.5366441" lon="116.2437768">
        <ele>313.6</ele>
        <time>2026-07-26T03:53:21Z</time>
        <hdop>12.6</hdop>
        <extensions>
          <osmand:speed>6.4</osmand:speed>
        </extensions>
      </trkpt>
      <trkpt lat="-8.5364663" lon="116.2439981">
        <ele>313.6</ele>
        <time>2026-07-26T03:53:27Z</time>
        <hdop>15.5</hdop>
        <extensions>
          <osmand:speed>5.9</osmand:speed>
        </extensions>
      </trkpt>
      <trkpt lat="-8.5364072" lon="116.2442159">
        <ele>313.6</ele>
        <time>2026-07-26T03:53:33Z</time>
        <hdop>17.7</hdop>
        <extensions>
          <osmand:speed>2.8</osmand:speed>
        </extensions>
      </trkpt>
      <trkpt lat="-8.5361238" lon="116.2443718">
        <ele>313.6</ele>
        <time>2026-07-26T03:53:39Z</time>
        <hdop>11.8</hdop>
        <extensions>
          <osmand:speed>7.2</osmand:speed>
        </extensions>
      </trkpt>
      <trkpt lat="-8.5358299" lon="116.2446077">
        <ele>313.6</ele>
        <time>2026-07-26T03:53:45Z</time>
        <hdop>13.1</hdop>
        <extensions>
          <osmand:speed>6.4</osmand:speed>
        </extensions>
      </trkpt>
      <trkpt lat="-8.5354623" lon="116.2448932">
        <ele>313.6</ele>
        <time>2026-07-26T03:53:51Z</time>
        <hdop>12.1</hdop>
        <extensions>
          <osmand:speed>7.6</osmand:speed>
        </extensions>
      </trkpt>
      <trkpt lat="-8.5350037" lon="116.2450168">
        <ele>313.6</ele>
        <time>2026-07-26T03:53:57Z</time>
        <hdop>13</hdop>
        <extensions>
          <osmand:speed>8.7</osmand:speed>
        </extensions>
      </trkpt>
      <trkpt lat="-8.5348236" lon="116.2450055">
        <ele>313.6</ele>
        <time>2026-07-26T03:54:02Z</time>
        <hdop>11.5</hdop>
        <extensions>
          <osmand:speed>3.4</osmand:speed>
        </extensions>
      </trkpt>
      <trkpt lat="-8.5346102" lon="116.2450224">
        <ele>313.6</ele>
        <time>2026-07-26T03:54:08Z</time>
        <hdop>10.6</hdop>
        <extensions>
          <osmand:speed>4.8</osmand:speed>
        </extensions>
      </trkpt>
      <trkpt lat="-8.534407" lon="116.2450081">
        <ele>313.6</ele>
        <time>2026-07-26T03:54:14Z</time>
        <hdop>10.5</hdop>
        <extensions>
          <osmand:speed>2.5</osmand:speed>
        </extensions>
      </trkpt>
      <trkpt lat="-8.5344234" lon="116.2450437">
        <ele>315.9</ele>
        <time>2026-07-26T03:54:19Z</time>
        <hdop>10.2</hdop>
      </trkpt>
      <trkpt lat="-8.5342175" lon="116.2450366">
        <ele>316.1</ele>
        <time>2026-07-26T03:54:25Z</time>
        <hdop>10.4</hdop>
        <extensions>
          <osmand:speed>5.8</osmand:speed>
        </extensions>
      </trkpt>
      <trkpt lat="-8.5339579" lon="116.2449824">
        <ele>316.1</ele>
        <time>2026-07-26T03:54:30Z</time>
        <hdop>10.7</hdop>
        <extensions>
          <osmand:speed>3.3</osmand:speed>
        </extensions>
      </trkpt>
      <trkpt lat="-8.5337761" lon="116.2448337">
        <ele>315.9</ele>
        <time>2026-07-26T03:54:36Z</time>
        <hdop>10.9</hdop>
        <extensions>
          <osmand:speed>4.7</osmand:speed>
        </extensions>
      </trkpt>
      <trkpt lat="-8.5335896" lon="116.2446923">
        <ele>315.9</ele>
        <time>2026-07-26T03:54:42Z</time>
        <hdop>11.1</hdop>
        <extensions>
          <osmand:speed>4.4</osmand:speed>
        </extensions>
      </trkpt>
      <trkpt lat="-8.5334503" lon="116.2445105">
        <ele>315.9</ele>
        <time>2026-07-26T03:54:48Z</time>
        <hdop>10.6</hdop>
        <extensions>
          <osmand:speed>4</osmand:speed>
        </extensions>
      </trkpt>
      <trkpt lat="-8.5334892" lon="116.2443658">
        <ele>319.7</ele>
        <time>2026-07-26T03:54:54Z</time>
        <hdop>10.8</hdop>
        <extensions>
          <osmand:speed>2.8</osmand:speed>
        </extensions>
      </trkpt>
      <trkpt lat="-8.5335926" lon="116.2441656">
        <ele>319.7</ele>
        <time>2026-07-26T03:55:00Z</time>
        <hdop>11.3</hdop>
        <extensions>
          <osmand:speed>4.4</osmand:speed>
        </extensions>
      </trkpt>
      <trkpt lat="-8.5337462" lon="116.2439394">
        <ele>319.7</ele>
        <time>2026-07-26T03:55:06Z</time>
        <hdop>11.2</hdop>
        <extensions>
          <osmand:speed>4.6</osmand:speed>
        </extensions>
      </trkpt>
      <trkpt lat="-8.5339169" lon="116.2436456">
        <ele>319.7</ele>
        <time>2026-07-26T03:55:12Z</time>
        <hdop>10.2</hdop>
        <extensions>
          <osmand:speed>5.6</osmand:speed>
        </extensions>
      </trkpt>
      <trkpt lat="-8.5340566" lon="116.2433374">
        <ele>319.7</ele>
        <time>2026-07-26T03:55:18Z</time>
        <hdop>10.1</hdop>
        <extensions>
          <osmand:speed>6.6</osmand:speed>
        </extensions>
      </trkpt>
      <trkpt lat="-8.5341409" lon="116.2430549">
        <ele>319.7</ele>
        <time>2026-07-26T03:55:24Z</time>
        <hdop>10.9</hdop>
        <extensions>
          <osmand:speed>5.2</osmand:speed>
        </extensions>
      </trkpt>
      <trkpt lat="-8.5341321" lon="116.2428689">
        <ele>319.7</ele>
        <time>2026-07-26T03:55:29Z</time>
        <hdop>13.2</hdop>
        <extensions>
          <osmand:speed>4</osmand:speed>
        </extensions>
      </trkpt>
      <trkpt lat="-8.5341062" lon="116.2425718">
        <ele>319.7</ele>
        <time>2026-07-26T03:55:35Z</time>
        <hdop>12.6</hdop>
        <extensions>
          <osmand:speed>4.6</osmand:speed>
        </extensions>
      </trkpt>
      <trkpt lat="-8.5341294" lon="116.2423192">
        <ele>319.7</ele>
        <time>2026-07-26T03:55:40Z</time>
        <hdop>10.9</hdop>
        <extensions>
          <osmand:speed>3</osmand:speed>
        </extensions>
      </trkpt>
      <trkpt lat="-8.5340488" lon="116.2423189">
        <ele>319.7</ele>
        <time>2026-07-26T03:55:45Z</time>
        <hdop>10.5</hdop>
        <extensions>
          <osmand:speed>1</osmand:speed>
        </extensions>
      </trkpt>
      <trkpt lat="-8.5340587" lon="116.242337">
        <ele>319.7</ele>
        <time>2026-07-26T03:55:51Z</time>
        <hdop>9.9</hdop>
      </trkpt>
      <trkpt lat="-8.5340599" lon="116.2423303">
        <ele>323.2</ele>
        <time>2026-07-26T03:55:57Z</time>
        <hdop>9.9</hdop>
      </trkpt>
      <trkpt lat="-8.5340559" lon="116.2423289">
        <ele>323.2</ele>
        <time>2026-07-26T03:56:03Z</time>
        <hdop>9.9</hdop>
      </trkpt>
      <trkpt lat="-8.5340551" lon="116.2423289">
        <ele>323.2</ele>
        <time>2026-07-26T03:56:09Z</time>
        <hdop>9.9</hdop>
      </trkpt>
      <trkpt lat="-8.5340639" lon="116.2424846">
        <ele>323.2</ele>
        <time>2026-07-26T03:56:15Z</time>
        <hdop>9.9</hdop>
        <extensions>
          <osmand:speed>4.7</osmand:speed>
        </extensions>
      </trkpt>
      <trkpt lat="-8.534137" lon="116.2428246">
        <ele>323.2</ele>
        <time>2026-07-26T03:56:21Z</time>
        <hdop>11.5</hdop>
        <extensions>
          <osmand:speed>5.8</osmand:speed>
        </extensions>
      </trkpt>
      <trkpt lat="-8.5341236" lon="116.2430712">
        <ele>323.2</ele>
        <time>2026-07-26T03:56:26Z</time>
        <hdop>12.7</hdop>
        <extensions>
          <osmand:speed>5.3</osmand:speed>
        </extensions>
      </trkpt>
      <trkpt lat="-8.5340443" lon="116.2435294">
        <ele>323.2</ele>
        <time>2026-07-26T03:56:32Z</time>
        <hdop>14.6</hdop>
        <extensions>
          <osmand:speed>6.7</osmand:speed>
        </extensions>
      </trkpt>
      <trkpt lat="-8.5339389" lon="116.2438118">
        <ele>323.2</ele>
        <time>2026-07-26T03:56:37Z</time>
        <hdop>12.5</hdop>
        <extensions>
          <osmand:speed>6.4</osmand:speed>
        </extensions>
      </trkpt>
      <trkpt lat="-8.5337307" lon="116.244089">
        <ele>323.2</ele>
        <time>2026-07-26T03:56:43Z</time>
        <hdop>13.4</hdop>
        <extensions>
          <osmand:speed>4.1</osmand:speed>
        </extensions>
      </trkpt>
      <trkpt lat="-8.5336575" lon="116.2442589">
        <ele>323.2</ele>
        <time>2026-07-26T03:56:48Z</time>
        <hdop>13.1</hdop>
        <extensions>
          <osmand:speed>4.7</osmand:speed>
        </extensions>
      </trkpt>
      <trkpt lat="-8.5335617" lon="116.2444817">
        <ele>323.2</ele>
        <time>2026-07-26T03:56:53Z</time>
        <hdop>12.4</hdop>
        <extensions>
          <osmand:speed>3.8</osmand:speed>
        </extensions>
      </trkpt>
      <trkpt lat="-8.5334913" lon="116.2445746">
        <ele>323.2</ele>
        <time>2026-07-26T03:56:59Z</time>
        <hdop>11.1</hdop>
        <extensions>
          <osmand:speed>2.4</osmand:speed>
        </extensions>
      </trkpt>
      <trkpt lat="-8.5332993" lon="116.2446057">
        <ele>323.2</ele>
        <time>2026-07-26T03:57:05Z</time>
        <hdop>10.7</hdop>
        <extensions>
          <osmand:speed>2.6</osmand:speed>
        </extensions>
      </trkpt>
      <trkpt lat="-8.5331752" lon="116.2446919">
        <ele>323.2</ele>
        <time>2026-07-26T03:57:11Z</time>
        <hdop>10.3</hdop>
        <extensions>
          <osmand:speed>3.1</osmand:speed>
        </extensions>
      </trkpt>
      <trkpt lat="-8.533082" lon="116.2447046">
        <ele>323.2</ele>
        <time>2026-07-26T03:57:17Z</time>
        <hdop>11</hdop>
        <extensions>
          <osmand:speed>2.7</osmand:speed>
        </extensions>
      </trkpt>
      <trkpt lat="-8.5329463" lon="116.2447119">
        <ele>323.2</ele>
        <time>2026-07-26T03:57:23Z</time>
        <hdop>12</hdop>
        <extensions>
          <osmand:speed>2.4</osmand:speed>
        </extensions>
      </trkpt>
      <trkpt lat="-8.5328539" lon="116.2447517">
        <ele>323.2</ele>
        <time>2026-07-26T03:57:29Z</time>
        <hdop>13.6</hdop>
        <extensions>
          <osmand:speed>1.4</osmand:speed>
        </extensions>
      </trkpt>
      <trkpt lat="-8.5327956" lon="116.2448332">
        <ele>323.2</ele>
        <time>2026-07-26T03:57:35Z</time>
        <hdop>13.8</hdop>
        <extensions>
          <osmand:speed>0.6</osmand:speed>
        </extensions>
      </trkpt>
      <trkpt lat="-8.5326056" lon="116.2448203">
        <ele>323.2</ele>
        <time>2026-07-26T03:57:41Z</time>
        <hdop>11.7</hdop>
        <extensions>
          <osmand:speed>1.2</osmand:speed>
        </extensions>
      </trkpt>
      <trkpt lat="-8.5324864" lon="116.2448223">
        <ele>328.6</ele>
        <time>2026-07-26T03:57:46Z</time>
        <hdop>10.5</hdop>
        <extensions>
          <osmand:speed>2</osmand:speed>
        </extensions>
      </trkpt>
      <trkpt lat="-8.5323328" lon="116.2448114">
        <ele>330.2</ele>
        <time>2026-07-26T03:57:52Z</time>
        <hdop>11.2</hdop>
        <extensions>
          <osmand:speed>3</osmand:speed>
        </extensions>
      </trkpt>
      <trkpt lat="-8.5322027" lon="116.2447483">
        <ele>328.4</ele>
        <time>2026-07-26T03:57:58Z</time>
        <hdop>11.1</hdop>
        <extensions>
          <osmand:speed>2.1</osmand:speed>
        </extensions>
      </trkpt>
      <trkpt lat="-8.5321476" lon="116.2447152">
        <ele>330</ele>
        <time>2026-07-26T03:58:04Z</time>
        <hdop>11.9</hdop>
        <extensions>
          <osmand:speed>1.3</osmand:speed>
        </extensions>
      </trkpt>
      <trkpt lat="-8.532101" lon="116.2446507">
        <ele>331.5</ele>
        <time>2026-07-26T03:58:10Z</time>
        <hdop>12</hdop>
        <extensions>
          <osmand:speed>0.7</osmand:speed>
        </extensions>
      </trkpt>
      <trkpt lat="-8.5320663" lon="116.2446684">
        <ele>333.6</ele>
        <time>2026-07-26T03:58:16Z</time>
        <hdop>12.8</hdop>
      </trkpt>
      <trkpt lat="-8.5320566" lon="116.244666">
        <ele>335.3</ele>
        <time>2026-07-26T03:58:21Z</time>
        <hdop>12.3</hdop>
      </trkpt>
      <trkpt lat="-8.5319686" lon="116.2446595">
        <ele>337.4</ele>
        <time>2026-07-26T03:58:27Z</time>
        <hdop>11.7</hdop>
        <extensions>
          <osmand:speed>3.5</osmand:speed>
        </extensions>
      </trkpt>
      <trkpt lat="-8.5317831" lon="116.2446196">
        <ele>337.8</ele>
        <time>2026-07-26T03:58:33Z</time>
        <hdop>11.6</hdop>
        <extensions>
          <osmand:speed>1.6</osmand:speed>
        </extensions>
      </trkpt>
      <trkpt lat="-8.5316794" lon="116.2446172">
        <ele>336.2</ele>
        <time>2026-07-26T03:58:38Z</time>
        <hdop>10.8</hdop>
        <extensions>
          <osmand:speed>1.9</osmand:speed>
        </extensions>
      </trkpt>
      <trkpt lat="-8.5315311" lon="116.2446059">
        <ele>331.5</ele>
        <time>2026-07-26T03:58:44Z</time>
        <hdop>10.7</hdop>
        <extensions>
          <osmand:speed>2.3</osmand:speed>
        </extensions>
      </trkpt>
      <trkpt lat="-8.5314332" lon="116.2446552">
        <ele>331.7</ele>
        <time>2026-07-26T03:58:50Z</time>
        <hdop>10.2</hdop>
        <extensions>
          <osmand:speed>2.1</osmand:speed>
        </extensions>
      </trkpt>
      <trkpt lat="-8.5313452" lon="116.2447187">
        <ele>335.1</ele>
        <time>2026-07-26T03:58:56Z</time>
        <hdop>10.2</hdop>
        <extensions>
          <osmand:speed>2.6</osmand:speed>
        </extensions>
      </trkpt>
      <trkpt lat="-8.5312336" lon="116.2447672">
        <ele>338.1</ele>
        <time>2026-07-26T03:59:02Z</time>
        <hdop>10.4</hdop>
        <extensions>
          <osmand:speed>1.9</osmand:speed>
        </extensions>
      </trkpt>
      <trkpt lat="-8.5311122" lon="116.2447457">
        <ele>338.7</ele>
        <time>2026-07-26T03:59:08Z</time>
        <hdop>11.5</hdop>
        <extensions>
          <osmand:speed>2.7</osmand:speed>
        </extensions>
      </trkpt>
      <trkpt lat="-8.5309774" lon="116.2447433">
        <ele>338.4</ele>
        <time>2026-07-26T03:59:13Z</time>
        <hdop>12.1</hdop>
        <extensions>
          <osmand:speed>2.1</osmand:speed>
        </extensions>
      </trkpt>
      <trkpt lat="-8.5308022" lon="116.24477">
        <ele>339.3</ele>
        <time>2026-07-26T03:59:19Z</time>
        <hdop>11.8</hdop>
        <extensions>
          <osmand:speed>1.8</osmand:speed>
        </extensions>
      </trkpt>
      <trkpt lat="-8.5306515" lon="116.2447875">
        <ele>343.4</ele>
        <time>2026-07-26T03:59:25Z</time>
        <hdop>11.2</hdop>
        <extensions>
          <osmand:speed>2.8</osmand:speed>
        </extensions>
      </trkpt>
      <trkpt lat="-8.530479" lon="116.2448423">
        <ele>348.8</ele>
        <time>2026-07-26T03:59:31Z</time>
        <hdop>11</hdop>
        <extensions>
          <osmand:speed>2.6</osmand:speed>
        </extensions>
      </trkpt>
      <trkpt lat="-8.5303357" lon="116.2448863">
        <ele>347.6</ele>
        <time>2026-07-26T03:59:36Z</time>
        <hdop>11.9</hdop>
        <extensions>
          <osmand:speed>3.1</osmand:speed>
        </extensions>
      </trkpt>
      <trkpt lat="-8.5302693" lon="116.2449936">
        <ele>347.9</ele>
        <time>2026-07-26T03:59:42Z</time>
        <hdop>14.4</hdop>
        <extensions>
          <osmand:speed>2.5</osmand:speed>
        </extensions>
      </trkpt>
      <trkpt lat="-8.5300683" lon="116.2451038">
        <ele>348.3</ele>
        <time>2026-07-26T03:59:47Z</time>
        <hdop>15</hdop>
        <extensions>
          <osmand:speed>2.8</osmand:speed>
        </extensions>
      </trkpt>
      <trkpt lat="-8.5299417" lon="116.2452334">
        <ele>350.7</ele>
        <time>2026-07-26T03:59:53Z</time>
        <hdop>14</hdop>
        <extensions>
          <osmand:speed>1</osmand:speed>
        </extensions>
      </trkpt>
      <trkpt lat="-8.5297395" lon="116.24528">
        <ele>348.9</ele>
        <time>2026-07-26T03:59:59Z</time>
        <hdop>11.7</hdop>
        <extensions>
          <osmand:speed>2.8</osmand:speed>
        </extensions>
      </trkpt>
      <trkpt lat="-8.529622" lon="116.245393">
        <ele>348.5</ele>
        <time>2026-07-26T04:00:05Z</time>
        <hdop>12.5</hdop>
        <extensions>
          <osmand:speed>2.3</osmand:speed>
        </extensions>
      </trkpt>
      <trkpt lat="-8.5294971" lon="116.2455508">
        <ele>349.9</ele>
        <time>2026-07-26T04:00:11Z</time>
        <hdop>12.1</hdop>
        <extensions>
          <osmand:speed>2.6</osmand:speed>
        </extensions>
      </trkpt>
      <trkpt lat="-8.5293819" lon="116.2456546">
        <ele>349.4</ele>
        <time>2026-07-26T04:00:17Z</time>
        <hdop>11.8</hdop>
        <extensions>
          <osmand:speed>1.8</osmand:speed>
        </extensions>
      </trkpt>
      <trkpt lat="-8.5293232" lon="116.245717">
        <ele>351.1</ele>
        <time>2026-07-26T04:00:23Z</time>
        <hdop>10.5</hdop>
        <extensions>
          <osmand:speed>1.8</osmand:speed>
        </extensions>
      </trkpt>
      <trkpt lat="-8.5292089" lon="116.2458245">
        <ele>351.4</ele>
        <time>2026-07-26T04:00:29Z</time>
        <hdop>10.3</hdop>
        <extensions>
          <osmand:speed>2.7</osmand:speed>
        </extensions>
      </trkpt>
      <trkpt lat="-8.5291076" lon="116.2458744">
        <ele>353.1</ele>
        <time>2026-07-26T04:00:34Z</time>
        <hdop>11.1</hdop>
        <extensions>
          <osmand:speed>2</osmand:speed>
        </extensions>
      </trkpt>
      <trkpt lat="-8.5289966" lon="116.2458564">
        <ele>354.4</ele>
        <time>2026-07-26T04:00:39Z</time>
        <hdop>11.7</hdop>
        <extensions>
          <osmand:speed>2.9</osmand:speed>
        </extensions>
      </trkpt>
      <trkpt lat="-8.52885" lon="116.2459184">
        <ele>355.3</ele>
        <time>2026-07-26T04:00:45Z</time>
        <hdop>12.5</hdop>
        <extensions>
          <osmand:speed>2.7</osmand:speed>
        </extensions>
      </trkpt>
      <trkpt lat="-8.5286881" lon="116.2459363">
        <ele>355.3</ele>
        <time>2026-07-26T04:00:50Z</time>
        <hdop>13.2</hdop>
        <extensions>
          <osmand:speed>3</osmand:speed>
        </extensions>
      </trkpt>
      <trkpt lat="-8.5285582" lon="116.2461101">
        <ele>357.1</ele>
        <time>2026-07-26T04:00:56Z</time>
        <hdop>14.4</hdop>
        <extensions>
          <osmand:speed>2.8</osmand:speed>
        </extensions>
      </trkpt>
      <trkpt lat="-8.5284327" lon="116.2463207">
        <ele>359.7</ele>
        <time>2026-07-26T04:01:02Z</time>
        <hdop>11.6</hdop>
        <extensions>
          <osmand:speed>4.7</osmand:speed>
        </extensions>
      </trkpt>
      <trkpt lat="-8.5282448" lon="116.2464584">
        <ele>361.4</ele>
        <time>2026-07-26T04:01:07Z</time>
        <hdop>11.3</hdop>
        <extensions>
          <osmand:speed>4.8</osmand:speed>
        </extensions>
      </trkpt>
      <trkpt lat="-8.5274652" lon="116.2469304">
        <ele>361.2</ele>
        <time>2026-07-26T04:01:25Z</time>
        <hdop>41.1</hdop>
        <extensions>
          <osmand:speed>5.5</osmand:speed>
        </extensions>
      </trkpt>
      <trkpt lat="-8.5271962" lon="116.2469378">
        <ele>363.1</ele>
        <time>2026-07-26T04:01:30Z</time>
        <hdop>26.4</hdop>
        <extensions>
          <osmand:speed>4.3</osmand:speed>
        </extensions>
      </trkpt>
      <trkpt lat="-8.5270641" lon="116.2469586">
        <ele>363.5</ele>
        <time>2026-07-26T04:01:36Z</time>
        <hdop>15.7</hdop>
        <extensions>
          <osmand:speed>3.5</osmand:speed>
        </extensions>
      </trkpt>
      <trkpt lat="-8.5266489" lon="116.2470934">
        <ele>367.9</ele>
        <time>2026-07-26T04:01:48Z</time>
        <hdop>18.4</hdop>
        <extensions>
          <osmand:speed>2.2</osmand:speed>
        </extensions>
      </trkpt>
      <trkpt lat="-8.5265887" lon="116.2471051">
        <ele>370</ele>
        <time>2026-07-26T04:01:54Z</time>
        <hdop>8.6</hdop>
        <extensions>
          <osmand:speed>1.6</osmand:speed>
        </extensions>
      </trkpt>
      <trkpt lat="-8.5264075" lon="116.2471626">
        <ele>359.7</ele>
        <time>2026-07-26T04:01:59Z</time>
        <hdop>4.2</hdop>
        <extensions>
          <osmand:speed>2.5</osmand:speed>
        </extensions>
      </trkpt>
      <trkpt lat="-8.5262658" lon="116.2471841">
        <ele>359.5</ele>
        <time>2026-07-26T04:02:05Z</time>
        <hdop>4.6</hdop>
        <extensions>
          <osmand:speed>1.5</osmand:speed>
        </extensions>
      </trkpt>
      <trkpt lat="-8.5262058" lon="116.2471472">
        <ele>365</ele>
        <time>2026-07-26T04:02:11Z</time>
        <hdop>4.7</hdop>
        <extensions>
          <osmand:speed>0.2</osmand:speed>
        </extensions>
      </trkpt>
      <trkpt lat="-8.5262171" lon="116.2471932">
        <ele>363</ele>
        <time>2026-07-26T04:02:16Z</time>
        <hdop>4</hdop>
        <extensions>
          <osmand:speed>1.6</osmand:speed>
        </extensions>
      </trkpt>
      <trkpt lat="-8.5262298" lon="116.2471605">
        <ele>363.4</ele>
        <time>2026-07-26T04:02:22Z</time>
        <hdop>5.7</hdop>
        <extensions>
          <osmand:speed>0.9</osmand:speed>
        </extensions>
      </trkpt>
      <trkpt lat="-8.5261675" lon="116.2471622">
        <ele>364.1</ele>
        <time>2026-07-26T04:02:27Z</time>
        <hdop>4.5</hdop>
        <extensions>
          <osmand:speed>1.8</osmand:speed>
        </extensions>
      </trkpt>
      <trkpt lat="-8.5260943" lon="116.2471317">
        <ele>365.8</ele>
        <time>2026-07-26T04:02:33Z</time>
        <hdop>3.9</hdop>
        <extensions>
          <osmand:speed>2.8</osmand:speed>
        </extensions>
      </trkpt>
      <trkpt lat="-8.5260105" lon="116.2469799">
        <ele>364.4</ele>
        <time>2026-07-26T04:02:39Z</time>
        <hdop>4.4</hdop>
        <extensions>
          <osmand:speed>3.1</osmand:speed>
        </extensions>
      </trkpt>
      <trkpt lat="-8.5258446" lon="116.2468666">
        <ele>363</ele>
        <time>2026-07-26T04:02:45Z</time>
        <hdop>8</hdop>
        <extensions>
          <osmand:speed>2.9</osmand:speed>
        </extensions>
      </trkpt>
      <trkpt lat="-8.5257111" lon="116.2467702">
        <ele>362</ele>
        <time>2026-07-26T04:02:51Z</time>
        <hdop>10.1</hdop>
        <extensions>
          <osmand:speed>1</osmand:speed>
        </extensions>
      </trkpt>
      <trkpt lat="-8.5256941" lon="116.2467647">
        <ele>361.2</ele>
        <time>2026-07-26T04:02:56Z</time>
        <hdop>11.1</hdop>
        <extensions>
          <osmand:speed>1.9</osmand:speed>
        </extensions>
      </trkpt>
      <trkpt lat="-8.5256296" lon="116.2466956">
        <ele>359.1</ele>
        <time>2026-07-26T04:03:02Z</time>
        <hdop>13.7</hdop>
        <extensions>
          <osmand:speed>3.2</osmand:speed>
        </extensions>
      </trkpt>
      <trkpt lat="-8.5252259" lon="116.2466547">
        <ele>358.7</ele>
        <time>2026-07-26T04:03:07Z</time>
        <hdop>13.9</hdop>
        <extensions>
          <osmand:speed>5.5</osmand:speed>
        </extensions>
      </trkpt>
      <trkpt lat="-8.5250591" lon="116.2465708">
        <ele>356.7</ele>
        <time>2026-07-26T04:03:13Z</time>
        <hdop>13.5</hdop>
        <extensions>
          <osmand:speed>1.9</osmand:speed>
        </extensions>
      </trkpt>
      <trkpt lat="-8.524711" lon="116.2464749">
        <ele>354.4</ele>
        <time>2026-07-26T04:03:24Z</time>
        <hdop>10.8</hdop>
        <extensions>
          <osmand:speed>2.5</osmand:speed>
        </extensions>
      </trkpt>
      <trkpt lat="-8.5245793" lon="116.2463926">
        <ele>354.4</ele>
        <time>2026-07-26T04:03:30Z</time>
        <hdop>12.2</hdop>
        <extensions>
          <osmand:speed>2.5</osmand:speed>
        </extensions>
      </trkpt>
      <trkpt lat="-8.5244271" lon="116.2464041">
        <ele>354.5</ele>
        <time>2026-07-26T04:03:36Z</time>
        <hdop>11.2</hdop>
        <extensions>
          <osmand:speed>2.5</osmand:speed>
        </extensions>
      </trkpt>
      <trkpt lat="-8.524306" lon="116.2463896">
        <ele>354.6</ele>
        <time>2026-07-26T04:03:41Z</time>
        <hdop>15.2</hdop>
        <extensions>
          <osmand:speed>2.8</osmand:speed>
        </extensions>
      </trkpt>
      <trkpt lat="-8.5241419" lon="116.2463553">
        <ele>353.6</ele>
        <time>2026-07-26T04:03:47Z</time>
        <hdop>17.7</hdop>
        <extensions>
          <osmand:speed>1.3</osmand:speed>
        </extensions>
      </trkpt>
      <trkpt lat="-8.5241352" lon="116.2462416">
        <ele>351.8</ele>
        <time>2026-07-26T04:03:52Z</time>
        <hdop>16.5</hdop>
        <extensions>
          <osmand:speed>1.7</osmand:speed>
        </extensions>
      </trkpt>
      <trkpt lat="-8.5239719" lon="116.2461775">
        <ele>353.9</ele>
        <time>2026-07-26T04:03:58Z</time>
        <hdop>14</hdop>
        <extensions>
          <osmand:speed>2.9</osmand:speed>
        </extensions>
      </trkpt>
      <trkpt lat="-8.5238557" lon="116.2462093">
        <ele>355.9</ele>
        <time>2026-07-26T04:04:03Z</time>
        <hdop>12.1</hdop>
        <extensions>
          <osmand:speed>0.6</osmand:speed>
        </extensions>
      </trkpt>
      <trkpt lat="-8.5237507" lon="116.2461654">
        <ele>356.1</ele>
        <time>2026-07-26T04:04:09Z</time>
        <hdop>5.9</hdop>
        <extensions>
          <osmand:speed>2.5</osmand:speed>
        </extensions>
      </trkpt>
      <trkpt lat="-8.5235698" lon="116.2461707">
        <ele>355.2</ele>
        <time>2026-07-26T04:04:14Z</time>
        <hdop>6.2</hdop>
        <extensions>
          <osmand:speed>4.2</osmand:speed>
        </extensions>
      </trkpt>
      <trkpt lat="-8.5233039" lon="116.2462368">
        <ele>357.5</ele>
        <time>2026-07-26T04:04:20Z</time>
        <hdop>8.7</hdop>
        <extensions>
          <osmand:speed>3.4</osmand:speed>
        </extensions>
      </trkpt>
      <trkpt lat="-8.5231666" lon="116.2462769">
        <ele>357.2</ele>
        <time>2026-07-26T04:04:26Z</time>
        <hdop>12.6</hdop>
        <extensions>
          <osmand:speed>2.5</osmand:speed>
        </extensions>
      </trkpt>
      <trkpt lat="-8.5230746" lon="116.2463175">
        <ele>357.1</ele>
        <time>2026-07-26T04:04:32Z</time>
        <hdop>11.9</hdop>
        <extensions>
          <osmand:speed>1.8</osmand:speed>
        </extensions>
      </trkpt>
      <trkpt lat="-8.5229563" lon="116.246337">
        <ele>360.1</ele>
        <time>2026-07-26T04:04:37Z</time>
        <hdop>10.5</hdop>
        <extensions>
          <osmand:speed>2</osmand:speed>
        </extensions>
      </trkpt>
      <trkpt lat="-8.5228286" lon="116.2463327">
        <ele>361.7</ele>
        <time>2026-07-26T04:04:43Z</time>
        <hdop>11.3</hdop>
        <extensions>
          <osmand:speed>2.6</osmand:speed>
        </extensions>
      </trkpt>
      <trkpt lat="-8.5227168" lon="116.2463504">
        <ele>360</ele>
        <time>2026-07-26T04:04:48Z</time>
        <hdop>10.9</hdop>
        <extensions>
          <osmand:speed>2</osmand:speed>
        </extensions>
      </trkpt>
      <trkpt lat="-8.5225776" lon="116.2464091">
        <ele>359.2</ele>
        <time>2026-07-26T04:04:54Z</time>
        <hdop>11.2</hdop>
        <extensions>
          <osmand:speed>2.7</osmand:speed>
        </extensions>
      </trkpt>
      <trkpt lat="-8.5224208" lon="116.2464652">
        <ele>359.5</ele>
        <time>2026-07-26T04:05:00Z</time>
        <hdop>12.3</hdop>
        <extensions>
          <osmand:speed>2</osmand:speed>
        </extensions>
      </trkpt>
      <trkpt lat="-8.5223692" lon="116.2465145">
        <ele>360.2</ele>
        <time>2026-07-26T04:05:05Z</time>
        <hdop>10.7</hdop>
        <extensions>
          <osmand:speed>2.5</osmand:speed>
        </extensions>
      </trkpt>
      <trkpt lat="-8.5222885" lon="116.2465586">
        <ele>360.8</ele>
        <time>2026-07-26T04:05:11Z</time>
        <hdop>10.5</hdop>
        <extensions>
          <osmand:speed>1.4</osmand:speed>
        </extensions>
      </trkpt>
      <trkpt lat="-8.522239" lon="116.2465609">
        <ele>360.5</ele>
        <time>2026-07-26T04:05:16Z</time>
        <hdop>10.6</hdop>
        <extensions>
          <osmand:speed>1.4</osmand:speed>
        </extensions>
      </trkpt>
      <trkpt lat="-8.5221555" lon="116.2466198">
        <ele>358.2</ele>
        <time>2026-07-26T04:05:22Z</time>
        <hdop>10.4</hdop>
        <extensions>
          <osmand:speed>1.9</osmand:speed>
        </extensions>
      </trkpt>
      <trkpt lat="-8.5220286" lon="116.2466099">
        <ele>357.2</ele>
        <time>2026-07-26T04:05:28Z</time>
        <hdop>10.5</hdop>
        <extensions>
          <osmand:speed>2.1</osmand:speed>
        </extensions>
      </trkpt>
      <trkpt lat="-8.5218867" lon="116.246619">
        <ele>355.3</ele>
        <time>2026-07-26T04:05:33Z</time>
        <hdop>10.4</hdop>
        <extensions>
          <osmand:speed>3.2</osmand:speed>
        </extensions>
      </trkpt>
      <trkpt lat="-8.5217197" lon="116.2466265">
        <ele>355</ele>
        <time>2026-07-26T04:05:39Z</time>
        <hdop>10.4</hdop>
        <extensions>
          <osmand:speed>2.1</osmand:speed>
        </extensions>
      </trkpt>
      <trkpt lat="-8.5215694" lon="116.2466028">
        <ele>356.4</ele>
        <time>2026-07-26T04:05:45Z</time>
        <hdop>11</hdop>
        <extensions>
          <osmand:speed>3.3</osmand:speed>
        </extensions>
      </trkpt>
      <trkpt lat="-8.5214673" lon="116.2464423">
        <ele>353.8</ele>
        <time>2026-07-26T04:05:51Z</time>
        <hdop>10.9</hdop>
        <extensions>
          <osmand:speed>1.1</osmand:speed>
        </extensions>
      </trkpt>
      <trkpt lat="-8.5213748" lon="116.2463794">
        <ele>353.2</ele>
        <time>2026-07-26T04:05:57Z</time>
        <hdop>10.8</hdop>
        <extensions>
          <osmand:speed>2.8</osmand:speed>
        </extensions>
      </trkpt>
      <trkpt lat="-8.5212563" lon="116.246344">
        <ele>353.9</ele>
        <time>2026-07-26T04:06:03Z</time>
        <hdop>11.4</hdop>
        <extensions>
          <osmand:speed>2</osmand:speed>
        </extensions>
      </trkpt>
      <trkpt lat="-8.5211125" lon="116.246311">
        <ele>355.6</ele>
        <time>2026-07-26T04:06:09Z</time>
        <hdop>12.2</hdop>
        <extensions>
          <osmand:speed>3</osmand:speed>
        </extensions>
      </trkpt>
      <trkpt lat="-8.5210461" lon="116.2462423">
        <ele>353.9</ele>
        <time>2026-07-26T04:06:15Z</time>
        <hdop>13.6</hdop>
        <extensions>
          <osmand:speed>1.6</osmand:speed>
        </extensions>
      </trkpt>
      <trkpt lat="-8.5209372" lon="116.2461831">
        <ele>357.4</ele>
        <time>2026-07-26T04:06:21Z</time>
        <hdop>13.3</hdop>
        <extensions>
          <osmand:speed>3</osmand:speed>
        </extensions>
      </trkpt>
      <trkpt lat="-8.5207553" lon="116.2463201">
        <ele>356.6</ele>
        <time>2026-07-26T04:06:27Z</time>
        <hdop>12.2</hdop>
        <extensions>
          <osmand:speed>3.4</osmand:speed>
        </extensions>
      </trkpt>
      <trkpt lat="-8.5205162" lon="116.2463109">
        <ele>355.4</ele>
        <time>2026-07-26T04:06:33Z</time>
        <hdop>12.2</hdop>
        <extensions>
          <osmand:speed>1.8</osmand:speed>
        </extensions>
      </trkpt>
      <trkpt lat="-8.5204016" lon="116.2462589">
        <ele>357.9</ele>
        <time>2026-07-26T04:06:39Z</time>
        <hdop>12.2</hdop>
        <extensions>
          <osmand:speed>1.8</osmand:speed>
        </extensions>
      </trkpt>
      <trkpt lat="-8.520336" lon="116.2462771">
        <ele>358.8</ele>
        <time>2026-07-26T04:06:44Z</time>
        <hdop>11.6</hdop>
        <extensions>
          <osmand:speed>2.1</osmand:speed>
        </extensions>
      </trkpt>
      <trkpt lat="-8.5202421" lon="116.2464073">
        <ele>357.2</ele>
        <time>2026-07-26T04:06:50Z</time>
        <hdop>11.2</hdop>
        <extensions>
          <osmand:speed>3</osmand:speed>
        </extensions>
      </trkpt>
      <trkpt lat="-8.5200605" lon="116.24646">
        <ele>358.6</ele>
        <time>2026-07-26T04:06:56Z</time>
        <hdop>11</hdop>
        <extensions>
          <osmand:speed>2.7</osmand:speed>
        </extensions>
      </trkpt>
      <trkpt lat="-8.5198587" lon="116.2464603">
        <ele>361.9</ele>
        <time>2026-07-26T04:07:02Z</time>
        <hdop>12.8</hdop>
        <extensions>
          <osmand:speed>3</osmand:speed>
        </extensions>
      </trkpt>
      <trkpt lat="-8.5196396" lon="116.2464422">
        <ele>361.7</ele>
        <time>2026-07-26T04:07:08Z</time>
        <hdop>12.7</hdop>
        <extensions>
          <osmand:speed>2.7</osmand:speed>
        </extensions>
      </trkpt>
      <trkpt lat="-8.5195449" lon="116.2465566">
        <ele>365.9</ele>
        <time>2026-07-26T04:07:14Z</time>
        <hdop>12.7</hdop>
        <extensions>
          <osmand:speed>3.5</osmand:speed>
        </extensions>
      </trkpt>
      <trkpt lat="-8.5193894" lon="116.2466118">
        <ele>366.6</ele>
        <time>2026-07-26T04:07:20Z</time>
        <hdop>13</hdop>
        <extensions>
          <osmand:speed>2</osmand:speed>
        </extensions>
      </trkpt>
      <trkpt lat="-8.5192345" lon="116.2466824">
        <ele>368.3</ele>
        <time>2026-07-26T04:07:26Z</time>
        <hdop>11.5</hdop>
        <extensions>
          <osmand:speed>3.8</osmand:speed>
        </extensions>
      </trkpt>
      <trkpt lat="-8.5189835" lon="116.2467931">
        <ele>364.6</ele>
        <time>2026-07-26T04:07:32Z</time>
        <hdop>11.4</hdop>
        <extensions>
          <osmand:speed>2.7</osmand:speed>
        </extensions>
      </trkpt>
      <trkpt lat="-8.5188704" lon="116.2468322">
        <ele>364.2</ele>
        <time>2026-07-26T04:07:38Z</time>
        <hdop>12.1</hdop>
        <extensions>
          <osmand:speed>2.6</osmand:speed>
        </extensions>
      </trkpt>
      <trkpt lat="-8.5186747" lon="116.2469571">
        <ele>369.4</ele>
        <time>2026-07-26T04:07:44Z</time>
        <hdop>11</hdop>
        <extensions>
          <osmand:speed>3.5</osmand:speed>
        </extensions>
      </trkpt>
      <trkpt lat="-8.5185672" lon="116.2469786">
        <ele>372.5</ele>
        <time>2026-07-26T04:07:49Z</time>
        <hdop>11</hdop>
        <extensions>
          <osmand:speed>0.9</osmand:speed>
        </extensions>
      </trkpt>
      <trkpt lat="-8.5184639" lon="116.2470692">
        <ele>377.8</ele>
        <time>2026-07-26T04:07:55Z</time>
        <hdop>10.3</hdop>
        <extensions>
          <osmand:speed>3.4</osmand:speed>
        </extensions>
      </trkpt>
      <trkpt lat="-8.5181995" lon="116.2471767">
        <ele>381.7</ele>
        <time>2026-07-26T04:08:01Z</time>
        <hdop>10.8</hdop>
        <extensions>
          <osmand:speed>4.9</osmand:speed>
        </extensions>
      </trkpt>
      <trkpt lat="-8.5180585" lon="116.2473057">
        <ele>383.2</ele>
        <time>2026-07-26T04:08:07Z</time>
        <hdop>12</hdop>
        <extensions>
          <osmand:speed>2.7</osmand:speed>
        </extensions>
      </trkpt>
      <trkpt lat="-8.5179427" lon="116.2474187">
        <ele>383.8</ele>
        <time>2026-07-26T04:08:13Z</time>
        <hdop>11.8</hdop>
        <extensions>
          <osmand:speed>2.7</osmand:speed>
        </extensions>
      </trkpt>
      <trkpt lat="-8.5178147" lon="116.2475516">
        <ele>382.1</ele>
        <time>2026-07-26T04:08:19Z</time>
        <hdop>11.2</hdop>
        <extensions>
          <osmand:speed>2.1</osmand:speed>
        </extensions>
      </trkpt>
      <trkpt lat="-8.5177881" lon="116.2476596">
        <ele>386.3</ele>
        <time>2026-07-26T04:08:24Z</time>
        <hdop>10.3</hdop>
        <extensions>
          <osmand:speed>2.1</osmand:speed>
        </extensions>
      </trkpt>
      <trkpt lat="-8.5176201" lon="116.2477157">
        <ele>384.5</ele>
        <time>2026-07-26T04:08:30Z</time>
        <hdop>10.4</hdop>
        <extensions>
          <osmand:speed>2.6</osmand:speed>
        </extensions>
      </trkpt>
      <trkpt lat="-8.5174832" lon="116.2476992">
        <ele>376.6</ele>
        <time>2026-07-26T04:08:36Z</time>
        <hdop>10.3</hdop>
        <extensions>
          <osmand:speed>1.9</osmand:speed>
        </extensions>
      </trkpt>
      <trkpt lat="-8.5173883" lon="116.2476302">
        <ele>375.7</ele>
        <time>2026-07-26T04:08:41Z</time>
        <hdop>9.9</hdop>
        <extensions>
          <osmand:speed>2</osmand:speed>
        </extensions>
      </trkpt>
      <trkpt lat="-8.5173188" lon="116.2475229">
        <ele>375.1</ele>
        <time>2026-07-26T04:08:47Z</time>
        <hdop>10.3</hdop>
        <extensions>
          <osmand:speed>1.5</osmand:speed>
        </extensions>
      </trkpt>
      <trkpt lat="-8.5172164" lon="116.2474536">
        <ele>367.2</ele>
        <time>2026-07-26T04:08:53Z</time>
        <hdop>10</hdop>
        <extensions>
          <osmand:speed>2.1</osmand:speed>
        </extensions>
      </trkpt>
      <trkpt lat="-8.5171615" lon="116.247392">
        <ele>368.3</ele>
        <time>2026-07-26T04:08:58Z</time>
        <hdop>9.9</hdop>
        <extensions>
          <osmand:speed>2.2</osmand:speed>
        </extensions>
      </trkpt>
      <trkpt lat="-8.5170342" lon="116.2473546">
        <ele>368.8</ele>
        <time>2026-07-26T04:09:04Z</time>
        <hdop>9.9</hdop>
        <extensions>
          <osmand:speed>2.2</osmand:speed>
        </extensions>
      </trkpt>
      <trkpt lat="-8.5169592" lon="116.2473783">
        <ele>369.2</ele>
        <time>2026-07-26T04:09:09Z</time>
        <hdop>9.9</hdop>
        <extensions>
          <osmand:speed>0.9</osmand:speed>
        </extensions>
      </trkpt>
      <trkpt lat="-8.5169057" lon="116.2474008">
        <ele>369</ele>
        <time>2026-07-26T04:09:15Z</time>
        <hdop>9.9</hdop>
        <extensions>
          <osmand:speed>0.7</osmand:speed>
        </extensions>
      </trkpt>
      <trkpt lat="-8.5168936" lon="116.2473954">
        <ele>368</ele>
        <time>2026-07-26T04:09:21Z</time>
        <hdop>9.9</hdop>
      </trkpt>
      <trkpt lat="-8.5168938" lon="116.2473823">
        <ele>369.2</ele>
        <time>2026-07-26T04:09:26Z</time>
        <hdop>9.9</hdop>
        <extensions>
          <osmand:speed>0.3</osmand:speed>
        </extensions>
      </trkpt>
      <trkpt lat="-8.5168972" lon="116.2473787">
        <ele>368.6</ele>
        <time>2026-07-26T04:09:32Z</time>
        <hdop>9.9</hdop>
      </trkpt>
      <trkpt lat="-8.5169137" lon="116.2473826">
        <ele>368.7</ele>
        <time>2026-07-26T04:09:38Z</time>
        <hdop>9.9</hdop>
      </trkpt>
      <trkpt lat="-8.516914" lon="116.2473813">
        <ele>369.1</ele>
        <time>2026-07-26T04:09:44Z</time>
        <hdop>9.9</hdop>
      </trkpt>
      <trkpt lat="-8.5169143" lon="116.2473811">
        <ele>369.2</ele>
        <time>2026-07-26T04:09:49Z</time>
        <hdop>9.9</hdop>
      </trkpt>
      <trkpt lat="-8.5169146" lon="116.2473811">
        <ele>369.2</ele>
        <time>2026-07-26T04:09:55Z</time>
        <hdop>9.9</hdop>
      </trkpt>
      <trkpt lat="-8.5169145" lon="116.2473809">
        <ele>369.2</ele>
        <time>2026-07-26T04:10:01Z</time>
        <hdop>9.9</hdop>
      </trkpt>
      <trkpt lat="-8.5169145" lon="116.2473807">
        <ele>369.3</ele>
        <time>2026-07-26T04:10:07Z</time>
        <hdop>9.9</hdop>
      </trkpt>
      <trkpt lat="-8.5169146" lon="116.2473805">
        <ele>369.3</ele>
        <time>2026-07-26T04:10:13Z</time>
        <hdop>9.9</hdop>
      </trkpt>
      <trkpt lat="-8.5169148" lon="116.2473805">
        <ele>369.3</ele>
        <time>2026-07-26T04:10:19Z</time>
        <hdop>9.9</hdop>
      </trkpt>
      <trkpt lat="-8.516915" lon="116.2473805">
        <ele>369.3</ele>
        <time>2026-07-26T04:10:25Z</time>
        <hdop>9.9</hdop>
      </trkpt>
      <trkpt lat="-8.5169143" lon="116.2473839">
        <ele>370.3</ele>
        <time>2026-07-26T04:10:31Z</time>
        <hdop>9.9</hdop>
        <extensions>
          <osmand:speed>0.2</osmand:speed>
        </extensions>
      </trkpt>
      <trkpt lat="-8.5169155" lon="116.2473839">
        <ele>370.5</ele>
        <time>2026-07-26T04:10:36Z</time>
        <hdop>9.9</hdop>
      </trkpt>
      <trkpt lat="-8.5169025" lon="116.2473875">
        <ele>370.5</ele>
        <time>2026-07-26T04:10:42Z</time>
        <hdop>9.9</hdop>
        <extensions>
          <osmand:speed>0.6</osmand:speed>
        </extensions>
      </trkpt>
      <trkpt lat="-8.5169027" lon="116.2473997">
        <ele>369.5</ele>
        <time>2026-07-26T04:10:48Z</time>
        <hdop>9.9</hdop>
      </trkpt>
      <trkpt lat="-8.5169017" lon="116.2473977">
        <ele>369.5</ele>
        <time>2026-07-26T04:10:54Z</time>
        <hdop>9.9</hdop>
      </trkpt>
      <trkpt lat="-8.5168826" lon="116.2473872">
        <ele>370.5</ele>
        <time>2026-07-26T04:11:00Z</time>
        <hdop>9.9</hdop>
        <extensions>
          <osmand:speed>0.8</osmand:speed>
        </extensions>
      </trkpt>
      <trkpt lat="-8.5168359" lon="116.2473404">
        <ele>369</ele>
        <time>2026-07-26T04:11:06Z</time>
        <hdop>9.9</hdop>
        <extensions>
          <osmand:speed>0.9</osmand:speed>
        </extensions>
      </trkpt>
      <trkpt lat="-8.5167882" lon="116.2473564">
        <ele>370.6</ele>
        <time>2026-07-26T04:11:11Z</time>
        <hdop>8.2</hdop>
        <extensions>
          <osmand:speed>0.9</osmand:speed>
        </extensions>
      </trkpt>
      <trkpt lat="-8.5167293" lon="116.2473153">
        <ele>370</ele>
        <time>2026-07-26T04:11:17Z</time>
        <hdop>4.7</hdop>
        <extensions>
          <osmand:speed>1.2</osmand:speed>
        </extensions>
      </trkpt>
      <trkpt lat="-8.5167007" lon="116.2472648">
        <ele>371.5</ele>
        <time>2026-07-26T04:11:22Z</time>
        <hdop>4.9</hdop>
        <extensions>
          <osmand:speed>1.2</osmand:speed>
        </extensions>
      </trkpt>
      <trkpt lat="-8.5166729" lon="116.2472075">
        <ele>373</ele>
        <time>2026-07-26T04:11:27Z</time>
        <hdop>5.8</hdop>
        <extensions>
          <osmand:speed>1.3</osmand:speed>
        </extensions>
      </trkpt>
      <trkpt lat="-8.5166695" lon="116.2471735">
        <ele>375.2</ele>
        <time>2026-07-26T04:11:33Z</time>
        <hdop>5.7</hdop>
        <extensions>
          <osmand:speed>0.8</osmand:speed>
        </extensions>
      </trkpt>
      <trkpt lat="-8.5166578" lon="116.2471238">
        <ele>377.1</ele>
        <time>2026-07-26T04:11:38Z</time>
        <hdop>5.8</hdop>
        <extensions>
          <osmand:speed>0.9</osmand:speed>
        </extensions>
      </trkpt>
      <trkpt lat="-8.5166572" lon="116.2470652">
        <ele>374.9</ele>
        <time>2026-07-26T04:11:43Z</time>
        <hdop>5.9</hdop>
        <extensions>
          <osmand:speed>1.1</osmand:speed>
        </extensions>
      </trkpt>
      <trkpt lat="-8.5166585" lon="116.2470156">
        <ele>375.9</ele>
        <time>2026-07-26T04:11:48Z</time>
        <hdop>5.3</hdop>
        <extensions>
          <osmand:speed>1.1</osmand:speed>
        </extensions>
      </trkpt>
      <trkpt lat="-8.5166693" lon="116.2469675">
        <ele>374.8</ele>
        <time>2026-07-26T04:11:53Z</time>
        <hdop>4.6</hdop>
        <extensions>
          <osmand:speed>1.3</osmand:speed>
        </extensions>
      </trkpt>
      <trkpt lat="-8.5166511" lon="116.2469229">
        <ele>373.4</ele>
        <time>2026-07-26T04:11:59Z</time>
        <hdop>4.6</hdop>
        <extensions>
          <osmand:speed>1.1</osmand:speed>
        </extensions>
      </trkpt>
      <trkpt lat="-8.5166341" lon="116.2468717">
        <ele>374.5</ele>
        <time>2026-07-26T04:12:04Z</time>
        <hdop>5.1</hdop>
        <extensions>
          <osmand:speed>1.1</osmand:speed>
        </extensions>
      </trkpt>
      <trkpt lat="-8.5166289" lon="116.2468154">
        <ele>372</ele>
        <time>2026-07-26T04:12:09Z</time>
        <hdop>5.1</hdop>
        <extensions>
          <osmand:speed>1.1</osmand:speed>
        </extensions>
      </trkpt>
      <trkpt lat="-8.5166439" lon="116.2467527">
        <ele>371.2</ele>
        <time>2026-07-26T04:12:15Z</time>
        <hdop>5.2</hdop>
        <extensions>
          <osmand:speed>1.2</osmand:speed>
        </extensions>
      </trkpt>
      <trkpt lat="-8.516653" lon="116.2466871">
        <ele>372.2</ele>
        <time>2026-07-26T04:12:20Z</time>
        <hdop>5.1</hdop>
        <extensions>
          <osmand:speed>1.3</osmand:speed>
        </extensions>
      </trkpt>
      <trkpt lat="-8.5166522" lon="116.2466228">
        <ele>373.7</ele>
        <time>2026-07-26T04:12:25Z</time>
        <hdop>5.1</hdop>
        <extensions>
          <osmand:speed>1.2</osmand:speed>
        </extensions>
      </trkpt>
      <trkpt lat="-8.5166513" lon="116.2465415">
        <ele>371.5</ele>
        <time>2026-07-26T04:12:30Z</time>
        <hdop>4.9</hdop>
        <extensions>
          <osmand:speed>1.3</osmand:speed>
        </extensions>
      </trkpt>
      <trkpt lat="-8.5166511" lon="116.2464728">
        <ele>372.2</ele>
        <time>2026-07-26T04:12:36Z</time>
        <hdop>4.9</hdop>
        <extensions>
          <osmand:speed>1.3</osmand:speed>
        </extensions>
      </trkpt>
      <trkpt lat="-8.5166451" lon="116.2464153">
        <ele>373.1</ele>
        <time>2026-07-26T04:12:41Z</time>
        <hdop>5.1</hdop>
        <extensions>
          <osmand:speed>1.2</osmand:speed>
        </extensions>
      </trkpt>
      <trkpt lat="-8.5166275" lon="116.2463602">
        <ele>372.8</ele>
        <time>2026-07-26T04:12:46Z</time>
        <hdop>5</hdop>
        <extensions>
          <osmand:speed>1.2</osmand:speed>
        </extensions>
      </trkpt>
      <trkpt lat="-8.5165607" lon="116.2463284">
        <ele>372.7</ele>
        <time>2026-07-26T04:12:51Z</time>
        <hdop>4.8</hdop>
        <extensions>
          <osmand:speed>1.3</osmand:speed>
        </extensions>
      </trkpt>
      <trkpt lat="-8.5165013" lon="116.2463097">
        <ele>371.4</ele>
        <time>2026-07-26T04:12:57Z</time>
        <hdop>4.3</hdop>
        <extensions>
          <osmand:speed>1.2</osmand:speed>
        </extensions>
      </trkpt>
      <trkpt lat="-8.5164293" lon="116.2463082">
        <ele>371.7</ele>
        <time>2026-07-26T04:13:02Z</time>
        <hdop>4.5</hdop>
        <extensions>
          <osmand:speed>1.3</osmand:speed>
        </extensions>
      </trkpt>
      <trkpt lat="-8.516359" lon="116.2463134">
        <ele>368.6</ele>
        <time>2026-07-26T04:13:07Z</time>
        <hdop>5.3</hdop>
        <extensions>
          <osmand:speed>1.3</osmand:speed>
        </extensions>
      </trkpt>
      <trkpt lat="-8.5162887" lon="116.2463197">
        <ele>368.1</ele>
        <time>2026-07-26T04:13:13Z</time>
        <hdop>5.4</hdop>
        <extensions>
          <osmand:speed>1.3</osmand:speed>
        </extensions>
      </trkpt>
      <trkpt lat="-8.5162176" lon="116.2462885">
        <ele>368.9</ele>
        <time>2026-07-26T04:13:18Z</time>
        <hdop>5.3</hdop>
        <extensions>
          <osmand:speed>1.3</osmand:speed>
        </extensions>
      </trkpt>
      <trkpt lat="-8.5161516" lon="116.2462963">
        <ele>369.2</ele>
        <time>2026-07-26T04:13:24Z</time>
        <hdop>5.2</hdop>
        <extensions>
          <osmand:speed>1.3</osmand:speed>
        </extensions>
      </trkpt>
      <trkpt lat="-8.5160953" lon="116.2463209">
        <ele>367.9</ele>
        <time>2026-07-26T04:13:29Z</time>
        <hdop>5.3</hdop>
        <extensions>
          <osmand:speed>1.3</osmand:speed>
        </extensions>
      </trkpt>
      <trkpt lat="-8.5160385" lon="116.2463238">
        <ele>368</ele>
        <time>2026-07-26T04:13:34Z</time>
        <hdop>5.5</hdop>
        <extensions>
          <osmand:speed>1.3</osmand:speed>
        </extensions>
      </trkpt>
      <trkpt lat="-8.5159779" lon="116.2463037">
        <ele>367.8</ele>
        <time>2026-07-26T04:13:39Z</time>
        <hdop>5.3</hdop>
        <extensions>
          <osmand:speed>1.2</osmand:speed>
        </extensions>
      </trkpt>
      <trkpt lat="-8.5159285" lon="116.2463018">
        <ele>370</ele>
        <time>2026-07-26T04:13:45Z</time>
        <hdop>5.2</hdop>
        <extensions>
          <osmand:speed>1.2</osmand:speed>
        </extensions>
      </trkpt>
      <trkpt lat="-8.5158766" lon="116.2463187">
        <ele>369</ele>
        <time>2026-07-26T04:13:50Z</time>
        <hdop>5.4</hdop>
        <extensions>
          <osmand:speed>1.2</osmand:speed>
        </extensions>
      </trkpt>
      <trkpt lat="-8.5158158" lon="116.2463318">
        <ele>368.6</ele>
        <time>2026-07-26T04:13:55Z</time>
        <hdop>5.5</hdop>
        <extensions>
          <osmand:speed>1.2</osmand:speed>
        </extensions>
      </trkpt>
      <trkpt lat="-8.5157523" lon="116.2463307">
        <ele>369.5</ele>
        <time>2026-07-26T04:14:01Z</time>
        <hdop>5.2</hdop>
        <extensions>
          <osmand:speed>1.1</osmand:speed>
        </extensions>
      </trkpt>
      <trkpt lat="-8.5157037" lon="116.2463426">
        <ele>371.3</ele>
        <time>2026-07-26T04:14:06Z</time>
        <hdop>5.3</hdop>
        <extensions>
          <osmand:speed>1.2</osmand:speed>
        </extensions>
      </trkpt>
      <trkpt lat="-8.515661" lon="116.2463185">
        <ele>373.1</ele>
        <time>2026-07-26T04:14:11Z</time>
        <hdop>5</hdop>
        <extensions>
          <osmand:speed>1.2</osmand:speed>
        </extensions>
      </trkpt>
      <trkpt lat="-8.51569" lon="116.2462905">
        <ele>374.8</ele>
        <time>2026-07-26T04:14:17Z</time>
        <hdop>4.4</hdop>
        <extensions>
          <osmand:speed>0.1</osmand:speed>
        </extensions>
      </trkpt>
      <trkpt lat="-8.5156845" lon="116.2462996">
        <ele>374.4</ele>
        <time>2026-07-26T04:14:22Z</time>
        <hdop>4.1</hdop>
        <extensions>
          <osmand:speed>0.1</osmand:speed>
        </extensions>
      </trkpt>
      <trkpt lat="-8.5156726" lon="116.2463029">
        <ele>373.2</ele>
        <time>2026-07-26T04:14:27Z</time>
        <hdop>3.8</hdop>
        <extensions>
          <osmand:speed>0.1</osmand:speed>
        </extensions>
      </trkpt>
      <trkpt lat="-8.5156366" lon="116.2463078">
        <ele>380.3</ele>
        <time>2026-07-26T04:14:32Z</time>
        <hdop>4.2</hdop>
        <extensions>
          <osmand:speed>0.3</osmand:speed>
        </extensions>
      </trkpt>
      <trkpt lat="-8.5155828" lon="116.246316">
        <ele>380.4</ele>
        <time>2026-07-26T04:14:38Z</time>
        <hdop>4.8</hdop>
        <extensions>
          <osmand:speed>0.6</osmand:speed>
        </extensions>
      </trkpt>
      <trkpt lat="-8.515476" lon="116.2463508">
        <ele>380.4</ele>
        <time>2026-07-26T04:14:44Z</time>
        <hdop>5.1</hdop>
        <extensions>
          <osmand:speed>1.2</osmand:speed>
        </extensions>
      </trkpt>
      <trkpt lat="-8.5153648" lon="116.2463611">
        <ele>378.5</ele>
        <time>2026-07-26T04:14:49Z</time>
        <hdop>4.6</hdop>
        <extensions>
          <osmand:speed>1.1</osmand:speed>
        </extensions>
      </trkpt>
      <trkpt lat="-8.5152878" lon="116.2463705">
        <ele>385.6</ele>
        <time>2026-07-26T04:14:55Z</time>
        <hdop>4.4</hdop>
        <extensions>
          <osmand:speed>0.4</osmand:speed>
        </extensions>
      </trkpt>
      <trkpt lat="-8.515178" lon="116.2463877">
        <ele>384.9</ele>
        <time>2026-07-26T04:15:00Z</time>
        <hdop>4.7</hdop>
        <extensions>
          <osmand:speed>1.1</osmand:speed>
        </extensions>
      </trkpt>
      <trkpt lat="-8.5150502" lon="116.2463558">
        <ele>387.6</ele>
        <time>2026-07-26T04:15:05Z</time>
        <hdop>4.9</hdop>
        <extensions>
          <osmand:speed>1.3</osmand:speed>
        </extensions>
      </trkpt>
      <trkpt lat="-8.5149737" lon="116.2463521">
        <ele>384.5</ele>
        <time>2026-07-26T04:15:11Z</time>
        <hdop>4.7</hdop>
        <extensions>
          <osmand:speed>0.7</osmand:speed>
        </extensions>
      </trkpt>
      <trkpt lat="-8.5147021" lon="116.2462709">
        <ele>384.1</ele>
        <time>2026-07-26T04:15:17Z</time>
        <hdop>7.5</hdop>
        <extensions>
          <osmand:speed>2</osmand:speed>
        </extensions>
      </trkpt>
      <trkpt lat="-8.5145829" lon="116.2462926">
        <ele>383.2</ele>
        <time>2026-07-26T04:15:22Z</time>
        <hdop>11.3</hdop>
        <extensions>
          <osmand:speed>0.9</osmand:speed>
        </extensions>
      </trkpt>
      <trkpt lat="-8.5145619" lon="116.2462612">
        <ele>386</ele>
        <time>2026-07-26T04:15:28Z</time>
        <hdop>11.5</hdop>
      </trkpt>
      <trkpt lat="-8.5145611" lon="116.2462686">
        <ele>387.1</ele>
        <time>2026-07-26T04:15:34Z</time>
        <hdop>12.1</hdop>
      </trkpt>
      <trkpt lat="-8.5145572" lon="116.2462726">
        <ele>387.9</ele>
        <time>2026-07-26T04:15:40Z</time>
        <hdop>12.9</hdop>
      </trkpt>
      <trkpt lat="-8.5145563" lon="116.2462723">
        <ele>387.5</ele>
        <time>2026-07-26T04:15:45Z</time>
        <hdop>12.7</hdop>
      </trkpt>
      <trkpt lat="-8.5145581" lon="116.2462812">
        <ele>388.1</ele>
        <time>2026-07-26T04:15:51Z</time>
        <hdop>11.2</hdop>
      </trkpt>
      <trkpt lat="-8.5144385" lon="116.2464036">
        <ele>389</ele>
        <time>2026-07-26T04:15:57Z</time>
        <hdop>10.9</hdop>
        <extensions>
          <osmand:speed>1.5</osmand:speed>
        </extensions>
      </trkpt>
      <trkpt lat="-8.5142414" lon="116.24652">
        <ele>392.6</ele>
        <time>2026-07-26T04:16:03Z</time>
        <hdop>11.3</hdop>
        <extensions>
          <osmand:speed>2.5</osmand:speed>
        </extensions>
      </trkpt>
      <trkpt lat="-8.5140404" lon="116.246552">
        <ele>390.8</ele>
        <time>2026-07-26T04:16:09Z</time>
        <hdop>11.2</hdop>
        <extensions>
          <osmand:speed>3.1</osmand:speed>
        </extensions>
      </trkpt>
      <trkpt lat="-8.51395" lon="116.2466205">
        <ele>390.1</ele>
        <time>2026-07-26T04:16:15Z</time>
        <hdop>11.9</hdop>
        <extensions>
          <osmand:speed>1.7</osmand:speed>
        </extensions>
      </trkpt>
      <trkpt lat="-8.5139969" lon="116.2466405">
        <ele>389.7</ele>
        <time>2026-07-26T04:16:21Z</time>
        <hdop>11.6</hdop>
      </trkpt>
      <trkpt lat="-8.5140034" lon="116.2466403">
        <ele>389.4</ele>
        <time>2026-07-26T04:16:27Z</time>
        <hdop>11.7</hdop>
      </trkpt>
      <trkpt lat="-8.5138455" lon="116.2466486">
        <ele>391.7</ele>
        <time>2026-07-26T04:16:33Z</time>
        <hdop>11.6</hdop>
        <extensions>
          <osmand:speed>3.8</osmand:speed>
        </extensions>
      </trkpt>
      <trkpt lat="-8.5135689" lon="116.2467224">
        <ele>389.1</ele>
        <time>2026-07-26T04:16:39Z</time>
        <hdop>10.8</hdop>
        <extensions>
          <osmand:speed>3.9</osmand:speed>
        </extensions>
      </trkpt>
      <trkpt lat="-8.5134073" lon="116.2467709">
        <ele>386.1</ele>
        <time>2026-07-26T04:16:45Z</time>
        <hdop>11.4</hdop>
        <extensions>
          <osmand:speed>1.6</osmand:speed>
        </extensions>
      </trkpt>
      <trkpt lat="-8.5133516" lon="116.246829">
        <ele>390.4</ele>
        <time>2026-07-26T04:16:51Z</time>
        <hdop>9.9</hdop>
      </trkpt>
      <trkpt lat="-8.5133494" lon="116.2468289">
        <ele>390.6</ele>
        <time>2026-07-26T04:16:57Z</time>
        <hdop>10.1</hdop>
      </trkpt>
      <trkpt lat="-8.5132105" lon="116.2467185">
        <ele>389.1</ele>
        <time>2026-07-26T04:17:03Z</time>
        <hdop>10.5</hdop>
        <extensions>
          <osmand:speed>3.9</osmand:speed>
        </extensions>
      </trkpt>
      <trkpt lat="-8.5130034" lon="116.2466122">
        <ele>385.4</ele>
        <time>2026-07-26T04:17:09Z</time>
        <hdop>11</hdop>
        <extensions>
          <osmand:speed>3.6</osmand:speed>
        </extensions>
      </trkpt>
      <trkpt lat="-8.5127935" lon="116.2465969">
        <ele>389.8</ele>
        <time>2026-07-26T04:17:15Z</time>
        <hdop>11.8</hdop>
        <extensions>
          <osmand:speed>3.4</osmand:speed>
        </extensions>
      </trkpt>
      <trkpt lat="-8.5125646" lon="116.2465963">
        <ele>391</ele>
        <time>2026-07-26T04:17:21Z</time>
        <hdop>12.4</hdop>
        <extensions>
          <osmand:speed>4</osmand:speed>
        </extensions>
      </trkpt>
      <trkpt lat="-8.5124029" lon="116.2466131">
        <ele>393.4</ele>
        <time>2026-07-26T04:17:27Z</time>
        <hdop>10.7</hdop>
        <extensions>
          <osmand:speed>3.1</osmand:speed>
        </extensions>
      </trkpt>
      <trkpt lat="-8.512213" lon="116.2465611">
        <ele>390.8</ele>
        <time>2026-07-26T04:17:33Z</time>
        <hdop>10.5</hdop>
        <extensions>
          <osmand:speed>2.8</osmand:speed>
        </extensions>
      </trkpt>
      <trkpt lat="-8.5120161" lon="116.2466375">
        <ele>394.8</ele>
        <time>2026-07-26T04:17:39Z</time>
        <hdop>11</hdop>
        <extensions>
          <osmand:speed>3.3</osmand:speed>
        </extensions>
      </trkpt>
      <trkpt lat="-8.5118084" lon="116.2467467">
        <ele>394.5</ele>
        <time>2026-07-26T04:17:45Z</time>
        <hdop>11</hdop>
        <extensions>
          <osmand:speed>3.3</osmand:speed>
        </extensions>
      </trkpt>
      <trkpt lat="-8.5116993" lon="116.2468369">
        <ele>396</ele>
        <time>2026-07-26T04:17:51Z</time>
        <hdop>10.9</hdop>
        <extensions>
          <osmand:speed>3.1</osmand:speed>
        </extensions>
      </trkpt>
      <trkpt lat="-8.5115121" lon="116.2468816">
        <ele>399.8</ele>
        <time>2026-07-26T04:17:57Z</time>
        <hdop>10.3</hdop>
        <extensions>
          <osmand:speed>2.4</osmand:speed>
        </extensions>
      </trkpt>
      <trkpt lat="-8.5113485" lon="116.2468977">
        <ele>399.3</ele>
        <time>2026-07-26T04:18:03Z</time>
        <hdop>11.4</hdop>
        <extensions>
          <osmand:speed>2.8</osmand:speed>
        </extensions>
      </trkpt>
      <trkpt lat="-8.511163" lon="116.2469171">
        <ele>398.7</ele>
        <time>2026-07-26T04:18:09Z</time>
        <hdop>11.1</hdop>
        <extensions>
          <osmand:speed>2.8</osmand:speed>
        </extensions>
      </trkpt>
      <trkpt lat="-8.5109737" lon="116.2468779">
        <ele>402.6</ele>
        <time>2026-07-26T04:18:15Z</time>
        <hdop>11.3</hdop>
        <extensions>
          <osmand:speed>3.3</osmand:speed>
        </extensions>
      </trkpt>
      <trkpt lat="-8.5108389" lon="116.2469222">
        <ele>402.3</ele>
        <time>2026-07-26T04:18:21Z</time>
        <hdop>13.3</hdop>
        <extensions>
          <osmand:speed>2.6</osmand:speed>
        </extensions>
      </trkpt>
      <trkpt lat="-8.5107507" lon="116.2470073">
        <ele>407.3</ele>
        <time>2026-07-26T04:18:27Z</time>
        <hdop>12.1</hdop>
        <extensions>
          <osmand:speed>1.9</osmand:speed>
        </extensions>
      </trkpt>
      <trkpt lat="-8.5105956" lon="116.2469894">
        <ele>407.9</ele>
        <time>2026-07-26T04:18:33Z</time>
        <hdop>11.2</hdop>
        <extensions>
          <osmand:speed>2.1</osmand:speed>
        </extensions>
      </trkpt>
      <trkpt lat="-8.5104461" lon="116.2470257">
        <ele>410.2</ele>
        <time>2026-07-26T04:18:39Z</time>
        <hdop>10.4</hdop>
        <extensions>
          <osmand:speed>1.9</osmand:speed>
        </extensions>
      </trkpt>
      <trkpt lat="-8.5103949" lon="116.2470443">
        <ele>414</ele>
        <time>2026-07-26T04:18:45Z</time>
        <hdop>10.1</hdop>
      </trkpt>
      <trkpt lat="-8.5103856" lon="116.24706">
        <ele>413</ele>
        <time>2026-07-26T04:18:51Z</time>
        <hdop>9.9</hdop>
      </trkpt>
      <trkpt lat="-8.5103826" lon="116.2470625">
        <ele>413.6</ele>
        <time>2026-07-26T04:18:57Z</time>
        <hdop>9.9</hdop>
      </trkpt>
      <trkpt lat="-8.5103219" lon="116.2470644">
        <ele>410</ele>
        <time>2026-07-26T04:19:02Z</time>
        <hdop>9.9</hdop>
        <extensions>
          <osmand:speed>0.5</osmand:speed>
        </extensions>
      </trkpt>
      <trkpt lat="-8.5102618" lon="116.2470387">
        <ele>408.2</ele>
        <time>2026-07-26T04:19:08Z</time>
        <hdop>9.9</hdop>
        <extensions>
          <osmand:speed>0.2</osmand:speed>
        </extensions>
      </trkpt>
      <trkpt lat="-8.5102245" lon="116.247021">
        <ele>409.3</ele>
        <time>2026-07-26T04:19:14Z</time>
        <hdop>10</hdop>
        <extensions>
          <osmand:speed>0.7</osmand:speed>
        </extensions>
      </trkpt>
      <trkpt lat="-8.5102174" lon="116.2470299">
        <ele>409.8</ele>
        <time>2026-07-26T04:19:20Z</time>
        <hdop>10</hdop>
      </trkpt>
      <trkpt lat="-8.510212" lon="116.2470305">
        <ele>409.5</ele>
        <time>2026-07-26T04:19:25Z</time>
        <hdop>10.3</hdop>
      </trkpt>
      <trkpt lat="-8.5102057" lon="116.2470237">
        <ele>409.5</ele>
        <time>2026-07-26T04:19:31Z</time>
        <hdop>10.2</hdop>
      </trkpt>
      <trkpt lat="-8.5101979" lon="116.2470183">
        <ele>407.7</ele>
        <time>2026-07-26T04:19:36Z</time>
        <hdop>10</hdop>
        <extensions>
          <osmand:speed>0.2</osmand:speed>
        </extensions>
      </trkpt>
      <trkpt lat="-8.5100933" lon="116.2470403">
        <ele>407.7</ele>
        <time>2026-07-26T04:19:42Z</time>
        <hdop>10.2</hdop>
        <extensions>
          <osmand:speed>1.4</osmand:speed>
        </extensions>
      </trkpt>
      <trkpt lat="-8.5100072" lon="116.2469979">
        <ele>409.4</ele>
        <time>2026-07-26T04:19:47Z</time>
        <hdop>10.6</hdop>
        <extensions>
          <osmand:speed>0.9</osmand:speed>
        </extensions>
      </trkpt>
      <trkpt lat="-8.5099417" lon="116.2470009">
        <ele>408</ele>
        <time>2026-07-26T04:19:52Z</time>
        <hdop>9.2</hdop>
        <extensions>
          <osmand:speed>1.5</osmand:speed>
        </extensions>
      </trkpt>
      <trkpt lat="-8.509863" lon="116.2469742">
        <ele>409.5</ele>
        <time>2026-07-26T04:19:57Z</time>
        <hdop>5.3</hdop>
        <extensions>
          <osmand:speed>1.3</osmand:speed>
        </extensions>
      </trkpt>
      <trkpt lat="-8.5097996" lon="116.2469274">
        <ele>409.8</ele>
        <time>2026-07-26T04:20:02Z</time>
        <hdop>5.2</hdop>
        <extensions>
          <osmand:speed>1.3</osmand:speed>
        </extensions>
      </trkpt>
      <trkpt lat="-8.5097608" lon="116.2468764">
        <ele>409.4</ele>
        <time>2026-07-26T04:20:08Z</time>
        <hdop>5.3</hdop>
        <extensions>
          <osmand:speed>1.1</osmand:speed>
        </extensions>
      </trkpt>
      <trkpt lat="-8.509705" lon="116.2468224">
        <ele>408.8</ele>
        <time>2026-07-26T04:20:13Z</time>
        <hdop>5.7</hdop>
        <extensions>
          <osmand:speed>1.4</osmand:speed>
        </extensions>
      </trkpt>
      <trkpt lat="-8.5096113" lon="116.2467942">
        <ele>409.7</ele>
        <time>2026-07-26T04:20:18Z</time>
        <hdop>5.9</hdop>
        <extensions>
          <osmand:speed>1.8</osmand:speed>
        </extensions>
      </trkpt>
      <trkpt lat="-8.5095235" lon="116.2468108">
        <ele>407.4</ele>
        <time>2026-07-26T04:20:23Z</time>
        <hdop>5.8</hdop>
        <extensions>
          <osmand:speed>1.5</osmand:speed>
        </extensions>
      </trkpt>
      <trkpt lat="-8.5094695" lon="116.2468168">
        <ele>409.9</ele>
        <time>2026-07-26T04:20:28Z</time>
        <hdop>5.4</hdop>
        <extensions>
          <osmand:speed>1.2</osmand:speed>
        </extensions>
      </trkpt>
      <trkpt lat="-8.5094712" lon="116.2468372">
        <ele>409.8</ele>
        <time>2026-07-26T04:20:34Z</time>
        <hdop>4.7</hdop>
        <extensions>
          <osmand:speed>0.2</osmand:speed>
        </extensions>
      </trkpt>
      <trkpt lat="-8.5094509" lon="116.246858">
        <ele>408.5</ele>
        <time>2026-07-26T04:20:39Z</time>
        <hdop>4.4</hdop>
        <extensions>
          <osmand:speed>0.5</osmand:speed>
        </extensions>
      </trkpt>
      <trkpt lat="-8.5094028" lon="116.246896">
        <ele>410.7</ele>
        <time>2026-07-26T04:20:44Z</time>
        <hdop>4.3</hdop>
        <extensions>
          <osmand:speed>0.9</osmand:speed>
        </extensions>
      </trkpt>
      <trkpt lat="-8.5093672" lon="116.2469297">
        <ele>410.8</ele>
        <time>2026-07-26T04:20:50Z</time>
        <hdop>4.8</hdop>
        <extensions>
          <osmand:speed>1.1</osmand:speed>
        </extensions>
      </trkpt>
      <trkpt lat="-8.50934" lon="116.2469311">
        <ele>409.4</ele>
        <time>2026-07-26T04:20:55Z</time>
        <hdop>5.3</hdop>
        <extensions>
          <osmand:speed>0.6</osmand:speed>
        </extensions>
      </trkpt>
      <trkpt lat="-8.5093563" lon="116.2469139">
        <ele>410.8</ele>
        <time>2026-07-26T04:21:01Z</time>
        <hdop>4.6</hdop>
        <extensions>
          <osmand:speed>0.1</osmand:speed>
        </extensions>
      </trkpt>
      <trkpt lat="-8.5093574" lon="116.2469055">
        <ele>410.8</ele>
        <time>2026-07-26T04:21:06Z</time>
        <hdop>3.9</hdop>
        <extensions>
          <osmand:speed>0.1</osmand:speed>
        </extensions>
      </trkpt>
      <trkpt lat="-8.5093567" lon="116.2469007">
        <ele>410.8</ele>
        <time>2026-07-26T04:21:12Z</time>
        <hdop>3.9</hdop>
        <extensions>
          <osmand:speed>0.1</osmand:speed>
        </extensions>
      </trkpt>
      <trkpt lat="-8.5093646" lon="116.2468817">
        <ele>411.4</ele>
        <time>2026-07-26T04:21:19Z</time>
        <hdop>3.8</hdop>
      </trkpt>
      <trkpt lat="-8.5093647" lon="116.2468813">
        <ele>411.4</ele>
        <time>2026-07-26T04:21:24Z</time>
        <hdop>3</hdop>
        <extensions>
          <osmand:speed>0.1</osmand:speed>
        </extensions>
      </trkpt>
      <trkpt lat="-8.5093657" lon="116.2468782">
        <ele>412.2</ele>
        <time>2026-07-26T04:21:30Z</time>
        <hdop>3</hdop>
        <extensions>
          <osmand:speed>0.1</osmand:speed>
        </extensions>
      </trkpt>
      <trkpt lat="-8.5093652" lon="116.2468786">
        <ele>412.2</ele>
        <time>2026-07-26T04:21:36Z</time>
        <hdop>3</hdop>
        <extensions>
          <osmand:speed>0.1</osmand:speed>
        </extensions>
      </trkpt>
      <trkpt lat="-8.509368" lon="116.2468771">
        <ele>412.7</ele>
        <time>2026-07-26T04:21:41Z</time>
        <hdop>3</hdop>
        <extensions>
          <osmand:speed>0.2</osmand:speed>
        </extensions>
      </trkpt>
      <trkpt lat="-8.5093629" lon="116.2468746">
        <ele>412.8</ele>
        <time>2026-07-26T04:21:47Z</time>
        <hdop>3</hdop>
        <extensions>
          <osmand:speed>0.1</osmand:speed>
        </extensions>
      </trkpt>
      <trkpt lat="-8.5093603" lon="116.2468716">
        <ele>413.2</ele>
        <time>2026-07-26T04:21:52Z</time>
        <hdop>3</hdop>
        <extensions>
          <osmand:speed>0.1</osmand:speed>
        </extensions>
      </trkpt>
      <trkpt lat="-8.5093615" lon="116.2468693">
        <ele>413.3</ele>
        <time>2026-07-26T04:21:57Z</time>
        <hdop>3</hdop>
        <extensions>
          <osmand:speed>0.1</osmand:speed>
        </extensions>
      </trkpt>
      <trkpt lat="-8.5093627" lon="116.2468691">
        <ele>413.3</ele>
        <time>2026-07-26T04:22:03Z</time>
        <hdop>3</hdop>
        <extensions>
          <osmand:speed>0.1</osmand:speed>
        </extensions>
      </trkpt>
      <trkpt lat="-8.5093631" lon="116.2468688">
        <ele>413.4</ele>
        <time>2026-07-26T04:22:09Z</time>
        <hdop>3</hdop>
        <extensions>
          <osmand:speed>0</osmand:speed>
        </extensions>
      </trkpt>
      <trkpt lat="-8.5093645" lon="116.2468692">
        <ele>413.4</ele>
        <time>2026-07-26T04:22:15Z</time>
        <hdop>3</hdop>
        <extensions>
          <osmand:speed>0.1</osmand:speed>
        </extensions>
      </trkpt>
      <trkpt lat="-8.5093656" lon="116.2468696">
        <ele>413.4</ele>
        <time>2026-07-26T04:22:21Z</time>
        <hdop>3</hdop>
        <extensions>
          <osmand:speed>0.1</osmand:speed>
        </extensions>
      </trkpt>
      <trkpt lat="-8.5093664" lon="116.2468698">
        <ele>413.4</ele>
        <time>2026-07-26T04:22:26Z</time>
        <hdop>3</hdop>
        <extensions>
          <osmand:speed>0.1</osmand:speed>
        </extensions>
      </trkpt>
      <trkpt lat="-8.5093669" lon="116.2468695">
        <ele>413.5</ele>
        <time>2026-07-26T04:22:32Z</time>
        <hdop>3</hdop>
        <extensions>
          <osmand:speed>0.1</osmand:speed>
        </extensions>
      </trkpt>
      <trkpt lat="-8.5093669" lon="116.2468691">
        <ele>413.5</ele>
        <time>2026-07-26T04:22:37Z</time>
        <hdop>3</hdop>
        <extensions>
          <osmand:speed>0.1</osmand:speed>
        </extensions>
      </trkpt>
      <trkpt lat="-8.5093674" lon="116.2468691">
        <ele>413.5</ele>
        <time>2026-07-26T04:22:43Z</time>
        <hdop>3</hdop>
        <extensions>
          <osmand:speed>0.1</osmand:speed>
        </extensions>
      </trkpt>
      <trkpt lat="-8.509368" lon="116.2468691">
        <ele>413.6</ele>
        <time>2026-07-26T04:22:48Z</time>
        <hdop>3</hdop>
        <extensions>
          <osmand:speed>0.1</osmand:speed>
        </extensions>
      </trkpt>
      <trkpt lat="-8.5093683" lon="116.2468691">
        <ele>413.6</ele>
        <time>2026-07-26T04:22:53Z</time>
        <hdop>3.4</hdop>
        <extensions>
          <osmand:speed>0.1</osmand:speed>
        </extensions>
      </trkpt>
      <trkpt lat="-8.5093681" lon="116.246868">
        <ele>413.7</ele>
        <time>2026-07-26T04:22:58Z</time>
        <hdop>3.8</hdop>
        <extensions>
          <osmand:speed>0.1</osmand:speed>
        </extensions>
      </trkpt>
      <trkpt lat="-8.5093681" lon="116.2468683">
        <ele>413.6</ele>
        <time>2026-07-26T04:23:03Z</time>
        <hdop>4.2</hdop>
        <extensions>
          <osmand:speed>0.1</osmand:speed>
        </extensions>
      </trkpt>
      <trkpt lat="-8.5093679" lon="116.2468685">
        <ele>413.8</ele>
        <time>2026-07-26T04:23:08Z</time>
        <hdop>4.4</hdop>
        <extensions>
          <osmand:speed>0.2</osmand:speed>
        </extensions>
      </trkpt>
      <trkpt lat="-8.5093678" lon="116.2468696">
        <ele>413.8</ele>
        <time>2026-07-26T04:23:13Z</time>
        <hdop>4.7</hdop>
        <extensions>
          <osmand:speed>0.1</osmand:speed>
        </extensions>
      </trkpt>
      <trkpt lat="-8.5093644" lon="116.2468733">
        <ele>413.1</ele>
        <time>2026-07-26T04:23:19Z</time>
        <hdop>4.6</hdop>
        <extensions>
          <osmand:speed>0.1</osmand:speed>
        </extensions>
      </trkpt>
      <trkpt lat="-8.5093606" lon="116.2468764">
        <ele>413</ele>
        <time>2026-07-26T04:23:24Z</time>
        <hdop>4.6</hdop>
        <extensions>
          <osmand:speed>0.1</osmand:speed>
        </extensions>
      </trkpt>
      <trkpt lat="-8.5093596" lon="116.2468758">
        <ele>413</ele>
        <time>2026-07-26T04:23:30Z</time>
        <hdop>4.1</hdop>
        <extensions>
          <osmand:speed>0.1</osmand:speed>
        </extensions>
      </trkpt>
      <trkpt lat="-8.5093579" lon="116.2468773">
        <ele>413</ele>
        <time>2026-07-26T04:23:35Z</time>
        <hdop>4.2</hdop>
        <extensions>
          <osmand:speed>0.1</osmand:speed>
        </extensions>
      </trkpt>
      <trkpt lat="-8.5093558" lon="116.2468788">
        <ele>413</ele>
        <time>2026-07-26T04:23:40Z</time>
        <hdop>4.2</hdop>
        <extensions>
          <osmand:speed>0.1</osmand:speed>
        </extensions>
      </trkpt>
      <trkpt lat="-8.5093565" lon="116.246882">
        <ele>410.8</ele>
        <time>2026-07-26T04:23:45Z</time>
        <hdop>4.3</hdop>
        <extensions>
          <osmand:speed>0.7</osmand:speed>
        </extensions>
      </trkpt>
      <trkpt lat="-8.509351" lon="116.2468936">
        <ele>409.2</ele>
        <time>2026-07-26T04:23:51Z</time>
        <hdop>4.4</hdop>
        <extensions>
          <osmand:speed>0.1</osmand:speed>
        </extensions>
      </trkpt>
      <trkpt lat="-8.5093447" lon="116.246897">
        <ele>408.1</ele>
        <time>2026-07-26T04:23:57Z</time>
        <hdop>3.9</hdop>
        <extensions>
          <osmand:speed>0.3</osmand:speed>
        </extensions>
      </trkpt>
      <trkpt lat="-8.5093306" lon="116.2468987">
        <ele>409.1</ele>
        <time>2026-07-26T04:24:03Z</time>
        <hdop>3.9</hdop>
        <extensions>
          <osmand:speed>0.1</osmand:speed>
        </extensions>
      </trkpt>
      <trkpt lat="-8.5093218" lon="116.2468993">
        <ele>409.1</ele>
        <time>2026-07-26T04:24:08Z</time>
        <hdop>3.9</hdop>
        <extensions>
          <osmand:speed>0</osmand:speed>
        </extensions>
      </trkpt>
      <trkpt lat="-8.5093184" lon="116.2468995">
        <ele>409.1</ele>
        <time>2026-07-26T04:24:14Z</time>
        <hdop>3.8</hdop>
        <extensions>
          <osmand:speed>0</osmand:speed>
        </extensions>
      </trkpt>
      <trkpt lat="-8.5093154" lon="116.2469009">
        <ele>409.2</ele>
        <time>2026-07-26T04:24:20Z</time>
        <hdop>3.7</hdop>
        <extensions>
          <osmand:speed>0.1</osmand:speed>
        </extensions>
      </trkpt>
      <trkpt lat="-8.5093173" lon="116.2469109">
        <ele>407.3</ele>
        <time>2026-07-26T04:24:25Z</time>
        <hdop>4.1</hdop>
        <extensions>
          <osmand:speed>0.8</osmand:speed>
        </extensions>
      </trkpt>
      <trkpt lat="-8.5093235" lon="116.2469161">
        <ele>406.9</ele>
        <time>2026-07-26T04:24:31Z</time>
        <hdop>4.3</hdop>
        <extensions>
          <osmand:speed>0</osmand:speed>
        </extensions>
      </trkpt>
      <trkpt lat="-8.5093302" lon="116.2469231">
        <ele>406.9</ele>
        <time>2026-07-26T04:24:37Z</time>
        <hdop>3.7</hdop>
        <extensions>
          <osmand:speed>0</osmand:speed>
        </extensions>
      </trkpt>
      <trkpt lat="-8.5093337" lon="116.2469253">
        <ele>406.9</ele>
        <time>2026-07-26T04:24:43Z</time>
        <hdop>3.9</hdop>
        <extensions>
          <osmand:speed>0</osmand:speed>
        </extensions>
      </trkpt>
      <trkpt lat="-8.5093375" lon="116.2469329">
        <ele>407.4</ele>
        <time>2026-07-26T04:24:48Z</time>
        <hdop>4</hdop>
        <extensions>
          <osmand:speed>0.7</osmand:speed>
        </extensions>
      </trkpt>
      <trkpt lat="-8.509388" lon="116.246875">
        <ele>406.8</ele>
        <time>2026-07-26T04:24:54Z</time>
        <hdop>5.5</hdop>
        <extensions>
          <osmand:speed>1.5</osmand:speed>
        </extensions>
      </trkpt>
      <trkpt lat="-8.5093696" lon="116.2468709">
        <ele>407.3</ele>
        <time>2026-07-26T04:25:00Z</time>
        <hdop>3.6</hdop>
        <extensions>
          <osmand:speed>0.5</osmand:speed>
        </extensions>
      </trkpt>
      <trkpt lat="-8.5093583" lon="116.2468957">
        <ele>406.4</ele>
        <time>2026-07-26T04:25:05Z</time>
        <hdop>3</hdop>
        <extensions>
          <osmand:speed>0.3</osmand:speed>
        </extensions>
      </trkpt>
      <trkpt lat="-8.5093553" lon="116.2469148">
        <ele>406.2</ele>
        <time>2026-07-26T04:25:11Z</time>
        <hdop>3</hdop>
        <extensions>
          <osmand:speed>0.1</osmand:speed>
        </extensions>
      </trkpt>
      <trkpt lat="-8.5093563" lon="116.2469196">
        <ele>406.2</ele>
        <time>2026-07-26T04:25:17Z</time>
        <hdop>3</hdop>
        <extensions>
          <osmand:speed>0.1</osmand:speed>
        </extensions>
      </trkpt>
      <trkpt lat="-8.5093563" lon="116.2469216">
        <ele>406.1</ele>
        <time>2026-07-26T04:25:23Z</time>
        <hdop>3</hdop>
        <extensions>
          <osmand:speed>0.1</osmand:speed>
        </extensions>
      </trkpt>
      <trkpt lat="-8.5093526" lon="116.2469207">
        <ele>406.6</ele>
        <time>2026-07-26T04:25:28Z</time>
        <hdop>3</hdop>
        <extensions>
          <osmand:speed>0.3</osmand:speed>
        </extensions>
      </trkpt>
      <trkpt lat="-8.50934" lon="116.2468972">
        <ele>408.1</ele>
        <time>2026-07-26T04:25:33Z</time>
        <hdop>3.1</hdop>
        <extensions>
          <osmand:speed>0.3</osmand:speed>
        </extensions>
      </trkpt>
      <trkpt lat="-8.5093196" lon="116.2468879">
        <ele>410.4</ele>
        <time>2026-07-26T04:25:39Z</time>
        <hdop>3</hdop>
        <extensions>
          <osmand:speed>0.2</osmand:speed>
        </extensions>
      </trkpt>
      <trkpt lat="-8.5093224" lon="116.2468957">
        <ele>409.5</ele>
        <time>2026-07-26T04:25:45Z</time>
        <hdop>3</hdop>
        <extensions>
          <osmand:speed>0.1</osmand:speed>
        </extensions>
      </trkpt>
      <trkpt lat="-8.5093227" lon="116.2469029">
        <ele>409.9</ele>
        <time>2026-07-26T04:25:51Z</time>
        <hdop>3</hdop>
        <extensions>
          <osmand:speed>0.1</osmand:speed>
        </extensions>
      </trkpt>
      <trkpt lat="-8.5093229" lon="116.2469069">
        <ele>410</ele>
        <time>2026-07-26T04:25:56Z</time>
        <hdop>3</hdop>
        <extensions>
          <osmand:speed>0.1</osmand:speed>
        </extensions>
      </trkpt>
      <trkpt lat="-8.509323" lon="116.2469081">
        <ele>410</ele>
        <time>2026-07-26T04:26:02Z</time>
        <hdop>3</hdop>
        <extensions>
          <osmand:speed>0</osmand:speed>
        </extensions>
      </trkpt>
      <trkpt lat="-8.5093202" lon="116.2469087">
        <ele>409.8</ele>
        <time>2026-07-26T04:26:07Z</time>
        <hdop>3</hdop>
        <extensions>
          <osmand:speed>0.2</osmand:speed>
        </extensions>
      </trkpt>
      <trkpt lat="-8.5093169" lon="116.2469109">
        <ele>410.2</ele>
        <time>2026-07-26T04:26:12Z</time>
        <hdop>3.1</hdop>
        <extensions>
          <osmand:speed>0.2</osmand:speed>
        </extensions>
      </trkpt>
      <trkpt lat="-8.5093164" lon="116.2469111">
        <ele>410.2</ele>
        <time>2026-07-26T04:26:18Z</time>
        <hdop>3.5</hdop>
        <extensions>
          <osmand:speed>0.1</osmand:speed>
        </extensions>
      </trkpt>
      <trkpt lat="-8.5093137" lon="116.2469119">
        <ele>410.7</ele>
        <time>2026-07-26T04:26:23Z</time>
        <hdop>3.7</hdop>
        <extensions>
          <osmand:speed>0.2</osmand:speed>
        </extensions>
      </trkpt>
      <trkpt lat="-8.5093139" lon="116.2469133">
        <ele>410.7</ele>
        <time>2026-07-26T04:26:29Z</time>
        <hdop>4.1</hdop>
        <extensions>
          <osmand:speed>0.1</osmand:speed>
        </extensions>
      </trkpt>
      <trkpt lat="-8.5093141" lon="116.246914">
        <ele>410.7</ele>
        <time>2026-07-26T04:26:34Z</time>
        <hdop>4.1</hdop>
        <extensions>
          <osmand:speed>0.1</osmand:speed>
        </extensions>
      </trkpt>
      <trkpt lat="-8.5093142" lon="116.2469149">
        <ele>410.7</ele>
        <time>2026-07-26T04:26:39Z</time>
        <hdop>4</hdop>
        <extensions>
          <osmand:speed>0.1</osmand:speed>
        </extensions>
      </trkpt>
      <trkpt lat="-8.5093124" lon="116.2469158">
        <ele>411.1</ele>
        <time>2026-07-26T04:26:44Z</time>
        <hdop>4.3</hdop>
        <extensions>
          <osmand:speed>0.3</osmand:speed>
        </extensions>
      </trkpt>
      <trkpt lat="-8.5093148" lon="116.2469154">
        <ele>410.7</ele>
        <time>2026-07-26T04:26:50Z</time>
        <hdop>5.5</hdop>
        <extensions>
          <osmand:speed>0.1</osmand:speed>
        </extensions>
      </trkpt>
      <trkpt lat="-8.5093168" lon="116.2469162">
        <ele>410.7</ele>
        <time>2026-07-26T04:26:56Z</time>
        <hdop>5</hdop>
        <extensions>
          <osmand:speed>0.1</osmand:speed>
        </extensions>
      </trkpt>
      <trkpt lat="-8.5093161" lon="116.2469168">
        <ele>410.9</ele>
        <time>2026-07-26T04:27:02Z</time>
        <hdop>4.6</hdop>
        <extensions>
          <osmand:speed>0.1</osmand:speed>
        </extensions>
      </trkpt>
      <trkpt lat="-8.5093162" lon="116.2469184">
        <ele>411.2</ele>
        <time>2026-07-26T04:27:07Z</time>
        <hdop>4</hdop>
        <extensions>
          <osmand:speed>0.1</osmand:speed>
        </extensions>
      </trkpt>
      <trkpt lat="-8.5093163" lon="116.2469187">
        <ele>411.2</ele>
        <time>2026-07-26T04:27:13Z</time>
        <hdop>3.9</hdop>
        <extensions>
          <osmand:speed>0.1</osmand:speed>
        </extensions>
      </trkpt>
      <trkpt lat="-8.5093167" lon="116.2469193">
        <ele>411.5</ele>
        <time>2026-07-26T04:27:19Z</time>
        <hdop>4.1</hdop>
        <extensions>
          <osmand:speed>0.4</osmand:speed>
        </extensions>
      </trkpt>
      <trkpt lat="-8.5093097" lon="116.2469161">
        <ele>411</ele>
        <time>2026-07-26T04:27:24Z</time>
        <hdop>4.5</hdop>
        <extensions>
          <osmand:speed>0.2</osmand:speed>
        </extensions>
      </trkpt>
      <trkpt lat="-8.5093074" lon="116.2469164">
        <ele>412.4</ele>
        <time>2026-07-26T04:27:30Z</time>
        <hdop>4.3</hdop>
        <extensions>
          <osmand:speed>0.1</osmand:speed>
        </extensions>
      </trkpt>
      <trkpt lat="-8.5093072" lon="116.2469153">
        <ele>412.5</ele>
        <time>2026-07-26T04:27:35Z</time>
        <hdop>3.9</hdop>
        <extensions>
          <osmand:speed>0.1</osmand:speed>
        </extensions>
      </trkpt>
      <trkpt lat="-8.5093093" lon="116.2469131">
        <ele>412.5</ele>
        <time>2026-07-26T04:27:41Z</time>
        <hdop>3.9</hdop>
        <extensions>
          <osmand:speed>0.1</osmand:speed>
        </extensions>
      </trkpt>
      <trkpt lat="-8.5093095" lon="116.2469126">
        <ele>412.5</ele>
        <time>2026-07-26T04:27:47Z</time>
        <hdop>3.9</hdop>
        <extensions>
          <osmand:speed>0</osmand:speed>
        </extensions>
      </trkpt>
      <trkpt lat="-8.5093098" lon="116.2469137">
        <ele>412.5</ele>
        <time>2026-07-26T04:27:53Z</time>
        <hdop>3.6</hdop>
        <extensions>
          <osmand:speed>0.1</osmand:speed>
        </extensions>
      </trkpt>
      <trkpt lat="-8.5093097" lon="116.2469146">
        <ele>412.5</ele>
        <time>2026-07-26T04:27:58Z</time>
        <hdop>3.5</hdop>
        <extensions>
          <osmand:speed>0.1</osmand:speed>
        </extensions>
      </trkpt>
      <trkpt lat="-8.5093097" lon="116.2469155">
        <ele>412.8</ele>
        <time>2026-07-26T04:28:03Z</time>
        <hdop>3.7</hdop>
        <extensions>
          <osmand:speed>0.2</osmand:speed>
        </extensions>
      </trkpt>
      <trkpt lat="-8.5093089" lon="116.2469107">
        <ele>412.8</ele>
        <time>2026-07-26T04:28:09Z</time>
        <hdop>3</hdop>
        <extensions>
          <osmand:speed>0.1</osmand:speed>
        </extensions>
      </trkpt>
      <trkpt lat="-8.5093094" lon="116.2469088">
        <ele>412.8</ele>
        <time>2026-07-26T04:28:14Z</time>
        <hdop>3</hdop>
        <extensions>
          <osmand:speed>0.1</osmand:speed>
        </extensions>
      </trkpt>
      <trkpt lat="-8.5093116" lon="116.2469101">
        <ele>411.9</ele>
        <time>2026-07-26T04:28:19Z</time>
        <hdop>3</hdop>
        <extensions>
          <osmand:speed>0.1</osmand:speed>
        </extensions>
      </trkpt>
      <trkpt lat="-8.5093165" lon="116.2469099">
        <ele>411.9</ele>
        <time>2026-07-26T04:28:25Z</time>
        <hdop>3</hdop>
        <extensions>
          <osmand:speed>0.1</osmand:speed>
        </extensions>
      </trkpt>
      <trkpt lat="-8.5093185" lon="116.2469094">
        <ele>411.9</ele>
        <time>2026-07-26T04:28:31Z</time>
        <hdop>3</hdop>
        <extensions>
          <osmand:speed>0.1</osmand:speed>
        </extensions>
      </trkpt>
      <trkpt lat="-8.5093192" lon="116.2469094">
        <ele>411.9</ele>
        <time>2026-07-26T04:28:37Z</time>
        <hdop>3</hdop>
        <extensions>
          <osmand:speed>0.1</osmand:speed>
        </extensions>
      </trkpt>
      <trkpt lat="-8.5093182" lon="116.2469095">
        <ele>411.9</ele>
        <time>2026-07-26T04:28:43Z</time>
        <hdop>3</hdop>
        <extensions>
          <osmand:speed>0</osmand:speed>
        </extensions>
      </trkpt>
      <trkpt lat="-8.5093186" lon="116.2469088">
        <ele>411.7</ele>
        <time>2026-07-26T04:28:49Z</time>
        <hdop>3</hdop>
        <extensions>
          <osmand:speed>0.1</osmand:speed>
        </extensions>
      </trkpt>
      <trkpt lat="-8.5093193" lon="116.2469081">
        <ele>411.7</ele>
        <time>2026-07-26T04:28:55Z</time>
        <hdop>3</hdop>
        <extensions>
          <osmand:speed>0.1</osmand:speed>
        </extensions>
      </trkpt>
      <trkpt lat="-8.5093195" lon="116.2469079">
        <ele>411.7</ele>
        <time>2026-07-26T04:29:01Z</time>
        <hdop>3</hdop>
        <extensions>
          <osmand:speed>0.1</osmand:speed>
        </extensions>
      </trkpt>
      <trkpt lat="-8.5093198" lon="116.2469083">
        <ele>411.7</ele>
        <time>2026-07-26T04:29:07Z</time>
        <hdop>3</hdop>
        <extensions>
          <osmand:speed>0.1</osmand:speed>
        </extensions>
      </trkpt>
      <trkpt lat="-8.5093203" lon="116.246909">
        <ele>412.1</ele>
        <time>2026-07-26T04:29:13Z</time>
        <hdop>3</hdop>
        <extensions>
          <osmand:speed>0.1</osmand:speed>
        </extensions>
      </trkpt>
      <trkpt lat="-8.5093205" lon="116.2469097">
        <ele>412.1</ele>
        <time>2026-07-26T04:29:19Z</time>
        <hdop>3</hdop>
        <extensions>
          <osmand:speed>0.1</osmand:speed>
        </extensions>
      </trkpt>
      <trkpt lat="-8.5093208" lon="116.24691">
        <ele>412.1</ele>
        <time>2026-07-26T04:29:25Z</time>
        <hdop>3</hdop>
        <extensions>
          <osmand:speed>0.1</osmand:speed>
        </extensions>
      </trkpt>
      <trkpt lat="-8.5093218" lon="116.2469101">
        <ele>412</ele>
        <time>2026-07-26T04:29:31Z</time>
        <hdop>3.5</hdop>
        <extensions>
          <osmand:speed>0.1</osmand:speed>
        </extensions>
      </trkpt>
      <trkpt lat="-8.5093226" lon="116.2469096">
        <ele>412</ele>
        <time>2026-07-26T04:29:37Z</time>
        <hdop>4</hdop>
        <extensions>
          <osmand:speed>0.1</osmand:speed>
        </extensions>
      </trkpt>
      <trkpt lat="-8.509322" lon="116.2469098">
        <ele>411.6</ele>
        <time>2026-07-26T04:29:42Z</time>
        <hdop>4</hdop>
        <extensions>
          <osmand:speed>0.7</osmand:speed>
        </extensions>
      </trkpt>
      <trkpt lat="-8.5093051" lon="116.2469084">
        <ele>412.4</ele>
        <time>2026-07-26T04:29:47Z</time>
        <hdop>4.9</hdop>
        <extensions>
          <osmand:speed>0.4</osmand:speed>
        </extensions>
      </trkpt>
      <trkpt lat="-8.5092677" lon="116.2469136">
        <ele>413.5</ele>
        <time>2026-07-26T04:29:53Z</time>
        <hdop>5.3</hdop>
        <extensions>
          <osmand:speed>0.2</osmand:speed>
        </extensions>
      </trkpt>
      <trkpt lat="-8.509263" lon="116.2469147">
        <ele>413.8</ele>
        <time>2026-07-26T04:29:59Z</time>
        <hdop>4.5</hdop>
        <extensions>
          <osmand:speed>0.1</osmand:speed>
        </extensions>
      </trkpt>
      <trkpt lat="-8.5092589" lon="116.2469157">
        <ele>414.6</ele>
        <time>2026-07-26T04:30:05Z</time>
        <hdop>4.5</hdop>
        <extensions>
          <osmand:speed>0.1</osmand:speed>
        </extensions>
      </trkpt>
      <trkpt lat="-8.5092557" lon="116.2469137">
        <ele>414.5</ele>
        <time>2026-07-26T04:30:10Z</time>
        <hdop>4.3</hdop>
        <extensions>
          <osmand:speed>0.1</osmand:speed>
        </extensions>
      </trkpt>
      <trkpt lat="-8.5092561" lon="116.2469136">
        <ele>414.5</ele>
        <time>2026-07-26T04:30:16Z</time>
        <hdop>4</hdop>
        <extensions>
          <osmand:speed>0</osmand:speed>
        </extensions>
      </trkpt>
      <trkpt lat="-8.5092552" lon="116.2469131">
        <ele>414.6</ele>
        <time>2026-07-26T04:30:22Z</time>
        <hdop>3.6</hdop>
        <extensions>
          <osmand:speed>0.1</osmand:speed>
        </extensions>
      </trkpt>
      <trkpt lat="-8.5092522" lon="116.2469138">
        <ele>414.6</ele>
        <time>2026-07-26T04:30:27Z</time>
        <hdop>3.6</hdop>
        <extensions>
          <osmand:speed>0.1</osmand:speed>
        </extensions>
      </trkpt>
      <trkpt lat="-8.5092541" lon="116.2469161">
        <ele>414.4</ele>
        <time>2026-07-26T04:30:33Z</time>
        <hdop>7.9</hdop>
      </trkpt>
      <trkpt lat="-8.5092542" lon="116.2469161">
        <ele>414.4</ele>
        <time>2026-07-26T04:30:39Z</time>
        <hdop>9.9</hdop>
      </trkpt>
      <trkpt lat="-8.5092541" lon="116.2469161">
        <ele>414.4</ele>
        <time>2026-07-26T04:30:45Z</time>
        <hdop>9.9</hdop>
      </trkpt>
      <trkpt lat="-8.5092518" lon="116.2469167">
        <ele>414</ele>
        <time>2026-07-26T04:30:51Z</time>
        <hdop>9.9</hdop>
      </trkpt>
      <trkpt lat="-8.5092461" lon="116.2469227">
        <ele>413.7</ele>
        <time>2026-07-26T04:30:56Z</time>
        <hdop>9.9</hdop>
      </trkpt>
      <trkpt lat="-8.5092439" lon="116.2469217">
        <ele>413.9</ele>
        <time>2026-07-26T04:31:02Z</time>
        <hdop>9.9</hdop>
        <extensions>
          <osmand:speed>0.2</osmand:speed>
        </extensions>
      </trkpt>
      <trkpt lat="-8.5092463" lon="116.2469219">
        <ele>414.3</ele>
        <time>2026-07-26T04:31:07Z</time>
        <hdop>9.9</hdop>
      </trkpt>
      <trkpt lat="-8.5092454" lon="116.2469247">
        <ele>415.1</ele>
        <time>2026-07-26T04:31:13Z</time>
        <hdop>9.9</hdop>
      </trkpt>
      <trkpt lat="-8.5092318" lon="116.2469233">
        <ele>415.1</ele>
        <time>2026-07-26T04:31:19Z</time>
        <hdop>9.9</hdop>
        <extensions>
          <osmand:speed>1.2</osmand:speed>
        </extensions>
      </trkpt>
      <trkpt lat="-8.5091322" lon="116.246971">
        <ele>414.1</ele>
        <time>2026-07-26T04:31:25Z</time>
        <hdop>9.9</hdop>
        <extensions>
          <osmand:speed>2.5</osmand:speed>
        </extensions>
      </trkpt>
      <trkpt lat="-8.5090304" lon="116.2469694">
        <ele>412.7</ele>
        <time>2026-07-26T04:31:31Z</time>
        <hdop>9.9</hdop>
        <extensions>
          <osmand:speed>2.5</osmand:speed>
        </extensions>
      </trkpt>
      <trkpt lat="-8.5089166" lon="116.2469647">
        <ele>411.6</ele>
        <time>2026-07-26T04:31:37Z</time>
        <hdop>9.9</hdop>
        <extensions>
          <osmand:speed>1.6</osmand:speed>
        </extensions>
      </trkpt>
      <trkpt lat="-8.5087446" lon="116.2469914">
        <ele>410.9</ele>
        <time>2026-07-26T04:31:43Z</time>
        <hdop>9.9</hdop>
        <extensions>
          <osmand:speed>3</osmand:speed>
        </extensions>
      </trkpt>
      <trkpt lat="-8.5085884" lon="116.2469632">
        <ele>410.7</ele>
        <time>2026-07-26T04:31:49Z</time>
        <hdop>9.9</hdop>
        <extensions>
          <osmand:speed>2.7</osmand:speed>
        </extensions>
      </trkpt>
      <trkpt lat="-8.5085016" lon="116.246917">
        <ele>408.2</ele>
        <time>2026-07-26T04:31:54Z</time>
        <hdop>9.9</hdop>
        <extensions>
          <osmand:speed>2.7</osmand:speed>
        </extensions>
      </trkpt>
      <trkpt lat="-8.5083183" lon="116.2469453">
        <ele>412.3</ele>
        <time>2026-07-26T04:32:00Z</time>
        <hdop>10</hdop>
        <extensions>
          <osmand:speed>3.3</osmand:speed>
        </extensions>
      </trkpt>
      <trkpt lat="-8.5081876" lon="116.2469915">
        <ele>416.1</ele>
        <time>2026-07-26T04:32:05Z</time>
        <hdop>9.9</hdop>
        <extensions>
          <osmand:speed>2.7</osmand:speed>
        </extensions>
      </trkpt>
      <trkpt lat="-8.5080077" lon="116.247083">
        <ele>419.9</ele>
        <time>2026-07-26T04:32:11Z</time>
        <hdop>9.9</hdop>
        <extensions>
          <osmand:speed>4</osmand:speed>
        </extensions>
      </trkpt>
      <trkpt lat="-8.5078451" lon="116.247174">
        <ele>420.2</ele>
        <time>2026-07-26T04:32:17Z</time>
        <hdop>9.9</hdop>
        <extensions>
          <osmand:speed>3.5</osmand:speed>
        </extensions>
      </trkpt>
      <trkpt lat="-8.5077445" lon="116.2472332">
        <ele>421.9</ele>
        <time>2026-07-26T04:32:22Z</time>
        <hdop>9.9</hdop>
        <extensions>
          <osmand:speed>2.5</osmand:speed>
        </extensions>
      </trkpt>
      <trkpt lat="-8.5076306" lon="116.2473764">
        <ele>422.3</ele>
        <time>2026-07-26T04:32:28Z</time>
        <hdop>10.1</hdop>
        <extensions>
          <osmand:speed>2.2</osmand:speed>
        </extensions>
      </trkpt>
      <trkpt lat="-8.5075284" lon="116.2474291">
        <ele>423.7</ele>
        <time>2026-07-26T04:32:34Z</time>
        <hdop>10.7</hdop>
        <extensions>
          <osmand:speed>2.7</osmand:speed>
        </extensions>
      </trkpt>
      <trkpt lat="-8.5074371" lon="116.2475309">
        <ele>419.1</ele>
        <time>2026-07-26T04:32:40Z</time>
        <hdop>10.2</hdop>
        <extensions>
          <osmand:speed>2</osmand:speed>
        </extensions>
      </trkpt>
      <trkpt lat="-8.5073286" lon="116.2476038">
        <ele>425.3</ele>
        <time>2026-07-26T04:32:46Z</time>
        <hdop>10</hdop>
        <extensions>
          <osmand:speed>2.6</osmand:speed>
        </extensions>
      </trkpt>
      <trkpt lat="-8.5071321" lon="116.2477286">
        <ele>426.4</ele>
        <time>2026-07-26T04:32:51Z</time>
        <hdop>10.3</hdop>
        <extensions>
          <osmand:speed>2.9</osmand:speed>
        </extensions>
      </trkpt>
      <trkpt lat="-8.506978" lon="116.247797">
        <ele>426.4</ele>
        <time>2026-07-26T04:32:57Z</time>
        <hdop>10.7</hdop>
        <extensions>
          <osmand:speed>2.5</osmand:speed>
        </extensions>
      </trkpt>
      <trkpt lat="-8.5068947" lon="116.2478552">
        <ele>429.3</ele>
        <time>2026-07-26T04:33:03Z</time>
        <hdop>10.8</hdop>
        <extensions>
          <osmand:speed>0.7</osmand:speed>
        </extensions>
      </trkpt>
      <trkpt lat="-8.506868" lon="116.2479146">
        <ele>430.3</ele>
        <time>2026-07-26T04:33:09Z</time>
        <hdop>10.1</hdop>
      </trkpt>
      <trkpt lat="-8.5068631" lon="116.2479138">
        <ele>430.7</ele>
        <time>2026-07-26T04:33:14Z</time>
        <hdop>9.9</hdop>
      </trkpt>
      <trkpt lat="-8.5068602" lon="116.2479224">
        <ele>429.9</ele>
        <time>2026-07-26T04:33:20Z</time>
        <hdop>10.3</hdop>
      </trkpt>
      <trkpt lat="-8.5067676" lon="116.2479702">
        <ele>431</ele>
        <time>2026-07-26T04:33:26Z</time>
        <hdop>9.9</hdop>
        <extensions>
          <osmand:speed>1.4</osmand:speed>
        </extensions>
      </trkpt>
      <trkpt lat="-8.5066491" lon="116.2480277">
        <ele>432.9</ele>
        <time>2026-07-26T04:33:31Z</time>
        <hdop>9.9</hdop>
        <extensions>
          <osmand:speed>2</osmand:speed>
        </extensions>
      </trkpt>
      <trkpt lat="-8.506499" lon="116.2480752">
        <ele>432.4</ele>
        <time>2026-07-26T04:33:37Z</time>
        <hdop>9.9</hdop>
        <extensions>
          <osmand:speed>2.8</osmand:speed>
        </extensions>
      </trkpt>
      <trkpt lat="-8.5063345" lon="116.2481086">
        <ele>435.3</ele>
        <time>2026-07-26T04:33:42Z</time>
        <hdop>9.9</hdop>
        <extensions>
          <osmand:speed>3.3</osmand:speed>
        </extensions>
      </trkpt>
      <trkpt lat="-8.5061544" lon="116.2481173">
        <ele>435.5</ele>
        <time>2026-07-26T04:33:48Z</time>
        <hdop>9.9</hdop>
        <extensions>
          <osmand:speed>2.5</osmand:speed>
        </extensions>
      </trkpt>
      <trkpt lat="-8.5060074" lon="116.2481237">
        <ele>435.9</ele>
        <time>2026-07-26T04:33:54Z</time>
        <hdop>9.9</hdop>
        <extensions>
          <osmand:speed>2</osmand:speed>
        </extensions>
      </trkpt>
      <trkpt lat="-8.5058471" lon="116.2481965">
        <ele>435.3</ele>
        <time>2026-07-26T04:34:00Z</time>
        <hdop>9.9</hdop>
        <extensions>
          <osmand:speed>3.2</osmand:speed>
        </extensions>
      </trkpt>
      <trkpt lat="-8.5057328" lon="116.2482085">
        <ele>435.8</ele>
        <time>2026-07-26T04:34:05Z</time>
        <hdop>9.9</hdop>
        <extensions>
          <osmand:speed>1.7</osmand:speed>
        </extensions>
      </trkpt>
      <trkpt lat="-8.5056191" lon="116.2482591">
        <ele>436.2</ele>
        <time>2026-07-26T04:34:11Z</time>
        <hdop>9.9</hdop>
        <extensions>
          <osmand:speed>2.6</osmand:speed>
        </extensions>
      </trkpt>
      <trkpt lat="-8.5055379" lon="116.2483787">
        <ele>437.8</ele>
        <time>2026-07-26T04:34:16Z</time>
        <hdop>9.9</hdop>
        <extensions>
          <osmand:speed>2.8</osmand:speed>
        </extensions>
      </trkpt>
      <trkpt lat="-8.5054258" lon="116.248471">
        <ele>437.9</ele>
        <time>2026-07-26T04:34:22Z</time>
        <hdop>9.9</hdop>
        <extensions>
          <osmand:speed>2.3</osmand:speed>
        </extensions>
      </trkpt>
      <trkpt lat="-8.5053381" lon="116.2484848">
        <ele>437.1</ele>
        <time>2026-07-26T04:34:28Z</time>
        <hdop>9.9</hdop>
        <extensions>
          <osmand:speed>1.8</osmand:speed>
        </extensions>
      </trkpt>
      <trkpt lat="-8.5052167" lon="116.2485516">
        <ele>436.7</ele>
        <time>2026-07-26T04:34:33Z</time>
        <hdop>9.9</hdop>
        <extensions>
          <osmand:speed>3.2</osmand:speed>
        </extensions>
      </trkpt>
      <trkpt lat="-8.5050803" lon="116.2486356">
        <ele>434.6</ele>
        <time>2026-07-26T04:34:39Z</time>
        <hdop>9.9</hdop>
        <extensions>
          <osmand:speed>1.5</osmand:speed>
        </extensions>
      </trkpt>
      <trkpt lat="-8.5050035" lon="116.2486453">
        <ele>433.8</ele>
        <time>2026-07-26T04:34:44Z</time>
        <hdop>9.9</hdop>
        <extensions>
          <osmand:speed>1.4</osmand:speed>
        </extensions>
      </trkpt>
      <trkpt lat="-8.5049815" lon="116.248663">
        <ele>437.3</ele>
        <time>2026-07-26T04:34:50Z</time>
        <hdop>9.9</hdop>
      </trkpt>
      <trkpt lat="-8.5049767" lon="116.2486684">
        <ele>438.3</ele>
        <time>2026-07-26T04:34:56Z</time>
        <hdop>9.9</hdop>
      </trkpt>
      <trkpt lat="-8.5049733" lon="116.2486691">
        <ele>438.9</ele>
        <time>2026-07-26T04:35:02Z</time>
        <hdop>9.9</hdop>
      </trkpt>
      <trkpt lat="-8.5049489" lon="116.2486583">
        <ele>441.1</ele>
        <time>2026-07-26T04:35:08Z</time>
        <hdop>9.9</hdop>
      </trkpt>
      <trkpt lat="-8.5048758" lon="116.2486078">
        <ele>440</ele>
        <time>2026-07-26T04:35:14Z</time>
        <hdop>9.9</hdop>
        <extensions>
          <osmand:speed>0.2</osmand:speed>
        </extensions>
      </trkpt>
      <trkpt lat="-8.504873" lon="116.2485993">
        <ele>441.7</ele>
        <time>2026-07-26T04:35:19Z</time>
        <hdop>9.9</hdop>
      </trkpt>
      <trkpt lat="-8.5048546" lon="116.2486046">
        <ele>441.2</ele>
        <time>2026-07-26T04:35:25Z</time>
        <hdop>9.9</hdop>
      </trkpt>
      <trkpt lat="-8.504849" lon="116.2486065">
        <ele>441.4</ele>
        <time>2026-07-26T04:35:31Z</time>
        <hdop>9.9</hdop>
      </trkpt>
      <trkpt lat="-8.5048484" lon="116.248606">
        <ele>441.5</ele>
        <time>2026-07-26T04:35:37Z</time>
        <hdop>9.9</hdop>
      </trkpt>
      <trkpt lat="-8.5047868" lon="116.2485999">
        <ele>440.3</ele>
        <time>2026-07-26T04:35:42Z</time>
        <hdop>9.9</hdop>
        <extensions>
          <osmand:speed>1.7</osmand:speed>
        </extensions>
      </trkpt>
      <trkpt lat="-8.504693" lon="116.2485714">
        <ele>437</ele>
        <time>2026-07-26T04:35:48Z</time>
        <hdop>10</hdop>
        <extensions>
          <osmand:speed>2.1</osmand:speed>
        </extensions>
      </trkpt>
      <trkpt lat="-8.5045752" lon="116.2485583">
        <ele>436.8</ele>
        <time>2026-07-26T04:35:54Z</time>
        <hdop>10.2</hdop>
        <extensions>
          <osmand:speed>0.8</osmand:speed>
        </extensions>
      </trkpt>
      <trkpt lat="-8.5045098" lon="116.248623">
        <ele>436.8</ele>
        <time>2026-07-26T04:36:00Z</time>
        <hdop>11</hdop>
        <extensions>
          <osmand:speed>2.2</osmand:speed>
        </extensions>
      </trkpt>
      <trkpt lat="-8.5044254" lon="116.2486624">
        <ele>440.8</ele>
        <time>2026-07-26T04:36:06Z</time>
        <hdop>10.9</hdop>
      </trkpt>
      <trkpt lat="-8.5044145" lon="116.2486717">
        <ele>439.7</ele>
        <time>2026-07-26T04:36:12Z</time>
        <hdop>10.6</hdop>
      </trkpt>
      <trkpt lat="-8.5044137" lon="116.248669">
        <ele>439.9</ele>
        <time>2026-07-26T04:36:18Z</time>
        <hdop>9.9</hdop>
      </trkpt>
      <trkpt lat="-8.5043832" lon="116.2486762">
        <ele>439.8</ele>
        <time>2026-07-26T04:36:24Z</time>
        <hdop>10</hdop>
        <extensions>
          <osmand:speed>3.9</osmand:speed>
        </extensions>
      </trkpt>
      <trkpt lat="-8.5042058" lon="116.2486915">
        <ele>439.5</ele>
        <time>2026-07-26T04:36:29Z</time>
        <hdop>10</hdop>
        <extensions>
          <osmand:speed>3</osmand:speed>
        </extensions>
      </trkpt>
      <trkpt lat="-8.5040833" lon="116.248704">
        <ele>439.1</ele>
        <time>2026-07-26T04:36:35Z</time>
        <hdop>9.9</hdop>
        <extensions>
          <osmand:speed>2.2</osmand:speed>
        </extensions>
      </trkpt>
      <trkpt lat="-8.5039917" lon="116.248712">
        <ele>437.3</ele>
        <time>2026-07-26T04:36:40Z</time>
        <hdop>9.9</hdop>
        <extensions>
          <osmand:speed>1.7</osmand:speed>
        </extensions>
      </trkpt>
      <trkpt lat="-8.5038439" lon="116.2487633">
        <ele>438.5</ele>
        <time>2026-07-26T04:36:46Z</time>
        <hdop>9.9</hdop>
        <extensions>
          <osmand:speed>3.2</osmand:speed>
        </extensions>
      </trkpt>
      <trkpt lat="-8.503673" lon="116.2488121">
        <ele>442.3</ele>
        <time>2026-07-26T04:36:52Z</time>
        <hdop>9.9</hdop>
        <extensions>
          <osmand:speed>2</osmand:speed>
        </extensions>
      </trkpt>
      <trkpt lat="-8.5036025" lon="116.2488276">
        <ele>445.4</ele>
        <time>2026-07-26T04:36:57Z</time>
        <hdop>10</hdop>
        <extensions>
          <osmand:speed>1.1</osmand:speed>
        </extensions>
      </trkpt>
      <trkpt lat="-8.5035805" lon="116.2488423">
        <ele>446.9</ele>
        <time>2026-07-26T04:37:03Z</time>
        <hdop>9.9</hdop>
      </trkpt>
      <trkpt lat="-8.503578" lon="116.2488409">
        <ele>448.5</ele>
        <time>2026-07-26T04:37:09Z</time>
        <hdop>9.9</hdop>
      </trkpt>
      <trkpt lat="-8.503576" lon="116.248843">
        <ele>449.7</ele>
        <time>2026-07-26T04:37:15Z</time>
        <hdop>9.9</hdop>
      </trkpt>
      <trkpt lat="-8.5035758" lon="116.2488421">
        <ele>449.4</ele>
        <time>2026-07-26T04:37:21Z</time>
        <hdop>9.9</hdop>
      </trkpt>
      <trkpt lat="-8.5035746" lon="116.2488433">
        <ele>449.6</ele>
        <time>2026-07-26T04:37:27Z</time>
        <hdop>9.9</hdop>
      </trkpt>
      <trkpt lat="-8.5035652" lon="116.2488358">
        <ele>451.1</ele>
        <time>2026-07-26T04:37:33Z</time>
        <hdop>9.9</hdop>
      </trkpt>
      <trkpt lat="-8.5035613" lon="116.2488404">
        <ele>451</ele>
        <time>2026-07-26T04:37:39Z</time>
        <hdop>9.9</hdop>
      </trkpt>
      <trkpt lat="-8.5035585" lon="116.248845">
        <ele>450.1</ele>
        <time>2026-07-26T04:37:44Z</time>
        <hdop>9.9</hdop>
      </trkpt>
      <trkpt lat="-8.5035552" lon="116.2488463">
        <ele>450.4</ele>
        <time>2026-07-26T04:37:50Z</time>
        <hdop>9.9</hdop>
      </trkpt>
      <trkpt lat="-8.5035545" lon="116.2488464">
        <ele>450.7</ele>
        <time>2026-07-26T04:37:55Z</time>
        <hdop>9.9</hdop>
      </trkpt>
      <trkpt lat="-8.5035411" lon="116.2488531">
        <ele>451.3</ele>
        <time>2026-07-26T04:38:01Z</time>
        <hdop>10.4</hdop>
        <extensions>
          <osmand:speed>1.4</osmand:speed>
        </extensions>
      </trkpt>
      <trkpt lat="-8.503511" lon="116.2488558">
        <ele>453.2</ele>
        <time>2026-07-26T04:38:07Z</time>
        <hdop>10.2</hdop>
      </trkpt>
      <trkpt lat="-8.5035097" lon="116.2488566">
        <ele>453.2</ele>
        <time>2026-07-26T04:38:12Z</time>
        <hdop>9.9</hdop>
      </trkpt>
      <trkpt lat="-8.5035129" lon="116.248858">
        <ele>452.3</ele>
        <time>2026-07-26T04:38:18Z</time>
        <hdop>9.9</hdop>
      </trkpt>
      <trkpt lat="-8.503513" lon="116.2488582">
        <ele>452.3</ele>
        <time>2026-07-26T04:38:24Z</time>
        <hdop>9.9</hdop>
      </trkpt>
      <trkpt lat="-8.5035046" lon="116.2488718">
        <ele>451.6</ele>
        <time>2026-07-26T04:38:30Z</time>
        <hdop>9.9</hdop>
      </trkpt>
      <trkpt lat="-8.5034857" lon="116.2488816">
        <ele>450.6</ele>
        <time>2026-07-26T04:38:36Z</time>
        <hdop>9.9</hdop>
      </trkpt>
      <trkpt lat="-8.5034812" lon="116.2488814">
        <ele>450.6</ele>
        <time>2026-07-26T04:38:41Z</time>
        <hdop>9.9</hdop>
      </trkpt>
      <trkpt lat="-8.5034814" lon="116.2488865">
        <ele>451.4</ele>
        <time>2026-07-26T04:38:47Z</time>
        <hdop>9.9</hdop>
      </trkpt>
      <trkpt lat="-8.5034556" lon="116.2488825">
        <ele>451.6</ele>
        <time>2026-07-26T04:38:53Z</time>
        <hdop>9.9</hdop>
      </trkpt>
      <trkpt lat="-8.5034423" lon="116.2488897">
        <ele>452.2</ele>
        <time>2026-07-26T04:38:58Z</time>
        <hdop>9.9</hdop>
      </trkpt>
      <trkpt lat="-8.5032683" lon="116.248917">
        <ele>452.2</ele>
        <time>2026-07-26T04:39:04Z</time>
        <hdop>9.9</hdop>
        <extensions>
          <osmand:speed>2.4</osmand:speed>
        </extensions>
      </trkpt>
      <trkpt lat="-8.5031686" lon="116.2489649">
        <ele>455</ele>
        <time>2026-07-26T04:39:09Z</time>
        <hdop>9.9</hdop>
        <extensions>
          <osmand:speed>1</osmand:speed>
        </extensions>
      </trkpt>
      <trkpt lat="-8.5030438" lon="116.2489747">
        <ele>458.7</ele>
        <time>2026-07-26T04:39:15Z</time>
        <hdop>9.9</hdop>
        <extensions>
          <osmand:speed>2.2</osmand:speed>
        </extensions>
      </trkpt>
      <trkpt lat="-8.502893" lon="116.2490315">
        <ele>457.4</ele>
        <time>2026-07-26T04:39:21Z</time>
        <hdop>9.9</hdop>
        <extensions>
          <osmand:speed>2.8</osmand:speed>
        </extensions>
      </trkpt>
      <trkpt lat="-8.5027996" lon="116.2490782">
        <ele>460</ele>
        <time>2026-07-26T04:39:27Z</time>
        <hdop>9.9</hdop>
        <extensions>
          <osmand:speed>1.4</osmand:speed>
        </extensions>
      </trkpt>
      <trkpt lat="-8.5027553" lon="116.249115">
        <ele>459.2</ele>
        <time>2026-07-26T04:39:33Z</time>
        <hdop>9.9</hdop>
      </trkpt>
      <trkpt lat="-8.5027261" lon="116.2491248">
        <ele>460.3</ele>
        <time>2026-07-26T04:39:39Z</time>
        <hdop>9.9</hdop>
      </trkpt>
      <trkpt lat="-8.5027264" lon="116.2491083">
        <ele>461.2</ele>
        <time>2026-07-26T04:39:45Z</time>
        <hdop>9.9</hdop>
      </trkpt>
      <trkpt lat="-8.5027279" lon="116.2491061">
        <ele>461.4</ele>
        <time>2026-07-26T04:39:51Z</time>
        <hdop>9.9</hdop>
      </trkpt>
      <trkpt lat="-8.5027269" lon="116.2491063">
        <ele>461.4</ele>
        <time>2026-07-26T04:39:57Z</time>
        <hdop>9.9</hdop>
      </trkpt>
      <trkpt lat="-8.5026204" lon="116.2491268">
        <ele>462.7</ele>
        <time>2026-07-26T04:40:03Z</time>
        <hdop>9.9</hdop>
        <extensions>
          <osmand:speed>2.3</osmand:speed>
        </extensions>
      </trkpt>
      <trkpt lat="-8.502483" lon="116.2491588">
        <ele>462.2</ele>
        <time>2026-07-26T04:40:09Z</time>
        <hdop>9.9</hdop>
        <extensions>
          <osmand:speed>2.7</osmand:speed>
        </extensions>
      </trkpt>
      <trkpt lat="-8.5023371" lon="116.2491683">
        <ele>466.4</ele>
        <time>2026-07-26T04:40:15Z</time>
        <hdop>9.9</hdop>
        <extensions>
          <osmand:speed>1.7</osmand:speed>
        </extensions>
      </trkpt>
      <trkpt lat="-8.5022533" lon="116.2491388">
        <ele>467.9</ele>
        <time>2026-07-26T04:40:20Z</time>
        <hdop>9.9</hdop>
        <extensions>
          <osmand:speed>1.9</osmand:speed>
        </extensions>
      </trkpt>
      <trkpt lat="-8.5021686" lon="116.2490931">
        <ele>468</ele>
        <time>2026-07-26T04:40:26Z</time>
        <hdop>9.9</hdop>
        <extensions>
          <osmand:speed>1.4</osmand:speed>
        </extensions>
      </trkpt>
      <trkpt lat="-8.5020741" lon="116.2490969">
        <ele>469.9</ele>
        <time>2026-07-26T04:40:31Z</time>
        <hdop>9.9</hdop>
        <extensions>
          <osmand:speed>1.7</osmand:speed>
        </extensions>
      </trkpt>
      <trkpt lat="-8.5019682" lon="116.2491306">
        <ele>468.5</ele>
        <time>2026-07-26T04:40:37Z</time>
        <hdop>9.9</hdop>
        <extensions>
          <osmand:speed>2.2</osmand:speed>
        </extensions>
      </trkpt>
      <trkpt lat="-8.5018728" lon="116.2491783">
        <ele>469.1</ele>
        <time>2026-07-26T04:40:43Z</time>
        <hdop>9.9</hdop>
        <extensions>
          <osmand:speed>1.7</osmand:speed>
        </extensions>
      </trkpt>
      <trkpt lat="-8.5017653" lon="116.2492052">
        <ele>471.5</ele>
        <time>2026-07-26T04:40:49Z</time>
        <hdop>9.9</hdop>
        <extensions>
          <osmand:speed>1.9</osmand:speed>
        </extensions>
      </trkpt>
      <trkpt lat="-8.501705" lon="116.2492331">
        <ele>470.5</ele>
        <time>2026-07-26T04:40:55Z</time>
        <hdop>9.9</hdop>
      </trkpt>
      <trkpt lat="-8.5015523" lon="116.2492466">
        <ele>471.8</ele>
        <time>2026-07-26T04:41:01Z</time>
        <hdop>9.9</hdop>
        <extensions>
          <osmand:speed>2</osmand:speed>
        </extensions>
      </trkpt>
      <trkpt lat="-8.5014307" lon="116.2492254">
        <ele>469.4</ele>
        <time>2026-07-26T04:41:07Z</time>
        <hdop>9.9</hdop>
        <extensions>
          <osmand:speed>1.9</osmand:speed>
        </extensions>
      </trkpt>
      <trkpt lat="-8.5012994" lon="116.2491813">
        <ele>471.5</ele>
        <time>2026-07-26T04:41:13Z</time>
        <hdop>9.9</hdop>
        <extensions>
          <osmand:speed>2</osmand:speed>
        </extensions>
      </trkpt>
      <trkpt lat="-8.5011742" lon="116.2491148">
        <ele>472.9</ele>
        <time>2026-07-26T04:41:18Z</time>
        <hdop>9.9</hdop>
        <extensions>
          <osmand:speed>2.3</osmand:speed>
        </extensions>
      </trkpt>
      <trkpt lat="-8.5010184" lon="116.2490589">
        <ele>475.9</ele>
        <time>2026-07-26T04:41:24Z</time>
        <hdop>9.9</hdop>
        <extensions>
          <osmand:speed>2.4</osmand:speed>
        </extensions>
      </trkpt>
      <trkpt lat="-8.5009266" lon="116.2489887">
        <ele>478.1</ele>
        <time>2026-07-26T04:41:29Z</time>
        <hdop>9.9</hdop>
        <extensions>
          <osmand:speed>2.3</osmand:speed>
        </extensions>
      </trkpt>
      <trkpt lat="-8.5007916" lon="116.2489584">
        <ele>478.9</ele>
        <time>2026-07-26T04:41:35Z</time>
        <hdop>9.9</hdop>
        <extensions>
          <osmand:speed>2.5</osmand:speed>
        </extensions>
      </trkpt>
      <trkpt lat="-8.5006842" lon="116.2489451">
        <ele>476.6</ele>
        <time>2026-07-26T04:41:41Z</time>
        <hdop>9.9</hdop>
        <extensions>
          <osmand:speed>2</osmand:speed>
        </extensions>
      </trkpt>
      <trkpt lat="-8.500557" lon="116.2489365">
        <ele>474.9</ele>
        <time>2026-07-26T04:41:47Z</time>
        <hdop>9.9</hdop>
        <extensions>
          <osmand:speed>2.3</osmand:speed>
        </extensions>
      </trkpt>
      <trkpt lat="-8.5005026" lon="116.2489695">
        <ele>475.5</ele>
        <time>2026-07-26T04:41:53Z</time>
        <hdop>9.9</hdop>
      </trkpt>
      <trkpt lat="-8.5003968" lon="116.2489927">
        <ele>474.4</ele>
        <time>2026-07-26T04:41:59Z</time>
        <hdop>10.1</hdop>
        <extensions>
          <osmand:speed>2</osmand:speed>
        </extensions>
      </trkpt>
      <trkpt lat="-8.5002967" lon="116.2489233">
        <ele>470.2</ele>
        <time>2026-07-26T04:42:05Z</time>
        <hdop>10</hdop>
        <extensions>
          <osmand:speed>2</osmand:speed>
        </extensions>
      </trkpt>
      <trkpt lat="-8.500229" lon="116.2488739">
        <ele>468.7</ele>
        <time>2026-07-26T04:42:11Z</time>
        <hdop>10</hdop>
      </trkpt>
      <trkpt lat="-8.5001711" lon="116.2488193">
        <ele>469.5</ele>
        <time>2026-07-26T04:42:17Z</time>
        <hdop>10</hdop>
        <extensions>
          <osmand:speed>1.3</osmand:speed>
        </extensions>
      </trkpt>
      <trkpt lat="-8.5001736" lon="116.2487461">
        <ele>473.7</ele>
        <time>2026-07-26T04:42:23Z</time>
        <hdop>9.9</hdop>
        <extensions>
          <osmand:speed>0.9</osmand:speed>
        </extensions>
      </trkpt>
      <trkpt lat="-8.5001086" lon="116.248698">
        <ele>473.9</ele>
        <time>2026-07-26T04:42:29Z</time>
        <hdop>10.5</hdop>
        <extensions>
          <osmand:speed>1.5</osmand:speed>
        </extensions>
      </trkpt>
      <trkpt lat="-8.5000558" lon="116.2486676">
        <ele>475.1</ele>
        <time>2026-07-26T04:42:34Z</time>
        <hdop>10.8</hdop>
        <extensions>
          <osmand:speed>0.7</osmand:speed>
        </extensions>
      </trkpt>
      <trkpt lat="-8.4999668" lon="116.2486776">
        <ele>481.2</ele>
        <time>2026-07-26T04:42:40Z</time>
        <hdop>10.4</hdop>
        <extensions>
          <osmand:speed>0.7</osmand:speed>
        </extensions>
      </trkpt>
      <trkpt lat="-8.4998666" lon="116.2486462">
        <ele>483.3</ele>
        <time>2026-07-26T04:42:46Z</time>
        <hdop>10.7</hdop>
        <extensions>
          <osmand:speed>1.7</osmand:speed>
        </extensions>
      </trkpt>
      <trkpt lat="-8.4997566" lon="116.2485847">
        <ele>486.3</ele>
        <time>2026-07-26T04:42:52Z</time>
        <hdop>10.4</hdop>
        <extensions>
          <osmand:speed>2</osmand:speed>
        </extensions>
      </trkpt>
      <trkpt lat="-8.4996737" lon="116.2485493">
        <ele>489.9</ele>
        <time>2026-07-26T04:42:58Z</time>
        <hdop>9.9</hdop>
      </trkpt>
      <trkpt lat="-8.4995896" lon="116.2484897">
        <ele>488.1</ele>
        <time>2026-07-26T04:43:03Z</time>
        <hdop>9.9</hdop>
        <extensions>
          <osmand:speed>1.7</osmand:speed>
        </extensions>
      </trkpt>
      <trkpt lat="-8.499467" lon="116.2484545">
        <ele>486.6</ele>
        <time>2026-07-26T04:43:09Z</time>
        <hdop>9.9</hdop>
        <extensions>
          <osmand:speed>2</osmand:speed>
        </extensions>
      </trkpt>
      <trkpt lat="-8.4993877" lon="116.2484974">
        <ele>488.8</ele>
        <time>2026-07-26T04:43:14Z</time>
        <hdop>9.9</hdop>
        <extensions>
          <osmand:speed>1.8</osmand:speed>
        </extensions>
      </trkpt>
      <trkpt lat="-8.4993108" lon="116.2485476">
        <ele>491.6</ele>
        <time>2026-07-26T04:43:20Z</time>
        <hdop>9.9</hdop>
        <extensions>
          <osmand:speed>1.5</osmand:speed>
        </extensions>
      </trkpt>
      <trkpt lat="-8.499225" lon="116.2485387">
        <ele>491.5</ele>
        <time>2026-07-26T04:43:25Z</time>
        <hdop>9.9</hdop>
        <extensions>
          <osmand:speed>1.6</osmand:speed>
        </extensions>
      </trkpt>
      <trkpt lat="-8.4991276" lon="116.2484815">
        <ele>485.2</ele>
        <time>2026-07-26T04:43:31Z</time>
        <hdop>9.9</hdop>
        <extensions>
          <osmand:speed>1.6</osmand:speed>
        </extensions>
      </trkpt>
      <trkpt lat="-8.4990257" lon="116.248409">
        <ele>486.3</ele>
        <time>2026-07-26T04:43:37Z</time>
        <hdop>9.9</hdop>
        <extensions>
          <osmand:speed>1.8</osmand:speed>
        </extensions>
      </trkpt>
      <trkpt lat="-8.4989125" lon="116.2483961">
        <ele>488.1</ele>
        <time>2026-07-26T04:43:43Z</time>
        <hdop>9.9</hdop>
        <extensions>
          <osmand:speed>1.8</osmand:speed>
        </extensions>
      </trkpt>
      <trkpt lat="-8.4987932" lon="116.2483793">
        <ele>485.1</ele>
        <time>2026-07-26T04:43:49Z</time>
        <hdop>9.9</hdop>
        <extensions>
          <osmand:speed>2.1</osmand:speed>
        </extensions>
      </trkpt>
      <trkpt lat="-8.4986951" lon="116.2484112">
        <ele>485.1</ele>
        <time>2026-07-26T04:43:54Z</time>
        <hdop>9.9</hdop>
        <extensions>
          <osmand:speed>1.9</osmand:speed>
        </extensions>
      </trkpt>
      <trkpt lat="-8.4986404" lon="116.2483984">
        <ele>486.2</ele>
        <time>2026-07-26T04:44:00Z</time>
        <hdop>10.1</hdop>
      </trkpt>
      <trkpt lat="-8.4985204" lon="116.24841">
        <ele>487.9</ele>
        <time>2026-07-26T04:44:06Z</time>
        <hdop>10.4</hdop>
        <extensions>
          <osmand:speed>2</osmand:speed>
        </extensions>
      </trkpt>
      <trkpt lat="-8.4984133" lon="116.2484511">
        <ele>492.3</ele>
        <time>2026-07-26T04:44:12Z</time>
        <hdop>9.9</hdop>
        <extensions>
          <osmand:speed>1.9</osmand:speed>
        </extensions>
      </trkpt>
      <trkpt lat="-8.4983355" lon="116.2483937">
        <ele>492.3</ele>
        <time>2026-07-26T04:44:18Z</time>
        <hdop>9.9</hdop>
        <extensions>
          <osmand:speed>1.9</osmand:speed>
        </extensions>
      </trkpt>
      <trkpt lat="-8.4982565" lon="116.2483">
        <ele>494.6</ele>
        <time>2026-07-26T04:44:24Z</time>
        <hdop>9.9</hdop>
        <extensions>
          <osmand:speed>1.5</osmand:speed>
        </extensions>
      </trkpt>
      <trkpt lat="-8.4981688" lon="116.2482647">
        <ele>495.7</ele>
        <time>2026-07-26T04:44:30Z</time>
        <hdop>9.9</hdop>
        <extensions>
          <osmand:speed>1.1</osmand:speed>
        </extensions>
      </trkpt>
      <trkpt lat="-8.4981424" lon="116.2482288">
        <ele>496.2</ele>
        <time>2026-07-26T04:44:36Z</time>
        <hdop>9.9</hdop>
        <extensions>
          <osmand:speed>1.1</osmand:speed>
        </extensions>
      </trkpt>
      <trkpt lat="-8.4980915" lon="116.2481818">
        <ele>495.5</ele>
        <time>2026-07-26T04:44:42Z</time>
        <hdop>9.9</hdop>
        <extensions>
          <osmand:speed>0.8</osmand:speed>
        </extensions>
      </trkpt>
      <trkpt lat="-8.4980496" lon="116.2481385">
        <ele>497.6</ele>
        <time>2026-07-26T04:44:48Z</time>
        <hdop>9.9</hdop>
        <extensions>
          <osmand:speed>0.8</osmand:speed>
        </extensions>
      </trkpt>
      <trkpt lat="-8.4980301" lon="116.2481265">
        <ele>498.6</ele>
        <time>2026-07-26T04:44:54Z</time>
        <hdop>9.9</hdop>
      </trkpt>
      <trkpt lat="-8.4980299" lon="116.2481264">
        <ele>498.6</ele>
        <time>2026-07-26T04:45:00Z</time>
        <hdop>9.9</hdop>
      </trkpt>
      <trkpt lat="-8.4980246" lon="116.2481199">
        <ele>498.4</ele>
        <time>2026-07-26T04:45:06Z</time>
        <hdop>9.9</hdop>
      </trkpt>
      <trkpt lat="-8.4980246" lon="116.2481198">
        <ele>498.5</ele>
        <time>2026-07-26T04:45:12Z</time>
        <hdop>9.9</hdop>
      </trkpt>
      <trkpt lat="-8.4980246" lon="116.2481196">
        <ele>498.5</ele>
        <time>2026-07-26T04:45:18Z</time>
        <hdop>9.9</hdop>
      </trkpt>
      <trkpt lat="-8.498022" lon="116.2481163">
        <ele>500.6</ele>
        <time>2026-07-26T04:45:24Z</time>
        <hdop>9.9</hdop>
      </trkpt>
      <trkpt lat="-8.4980181" lon="116.2480955">
        <ele>502</ele>
        <time>2026-07-26T04:45:30Z</time>
        <hdop>9.9</hdop>
      </trkpt>
      <trkpt lat="-8.4979954" lon="116.2480631">
        <ele>502.7</ele>
        <time>2026-07-26T04:45:36Z</time>
        <hdop>10</hdop>
        <extensions>
          <osmand:speed>0.9</osmand:speed>
        </extensions>
      </trkpt>
      <trkpt lat="-8.4979577" lon="116.2479849">
        <ele>504.4</ele>
        <time>2026-07-26T04:45:42Z</time>
        <hdop>9.9</hdop>
        <extensions>
          <osmand:speed>1.2</osmand:speed>
        </extensions>
      </trkpt>
      <trkpt lat="-8.4979276" lon="116.2479019">
        <ele>505.7</ele>
        <time>2026-07-26T04:45:48Z</time>
        <hdop>9.9</hdop>
        <extensions>
          <osmand:speed>1.3</osmand:speed>
        </extensions>
      </trkpt>
      <trkpt lat="-8.4978308" lon="116.2478144">
        <ele>502.5</ele>
        <time>2026-07-26T04:45:53Z</time>
        <hdop>9.9</hdop>
        <extensions>
          <osmand:speed>2</osmand:speed>
        </extensions>
      </trkpt>
      <trkpt lat="-8.4976987" lon="116.2478183">
        <ele>503.2</ele>
        <time>2026-07-26T04:45:59Z</time>
        <hdop>9.9</hdop>
        <extensions>
          <osmand:speed>1.8</osmand:speed>
        </extensions>
      </trkpt>
      <trkpt lat="-8.4975839" lon="116.247779">
        <ele>505</ele>
        <time>2026-07-26T04:46:04Z</time>
        <hdop>9.9</hdop>
        <extensions>
          <osmand:speed>2</osmand:speed>
        </extensions>
      </trkpt>
      <trkpt lat="-8.4974757" lon="116.2477295">
        <ele>507.8</ele>
        <time>2026-07-26T04:46:10Z</time>
        <hdop>9.9</hdop>
        <extensions>
          <osmand:speed>1.7</osmand:speed>
        </extensions>
      </trkpt>
      <trkpt lat="-8.4974049" lon="116.2476691">
        <ele>510.5</ele>
        <time>2026-07-26T04:46:16Z</time>
        <hdop>9.9</hdop>
        <extensions>
          <osmand:speed>2</osmand:speed>
        </extensions>
      </trkpt>
      <trkpt lat="-8.4973481" lon="116.2476034">
        <ele>512.9</ele>
        <time>2026-07-26T04:46:21Z</time>
        <hdop>9.9</hdop>
        <extensions>
          <osmand:speed>1.7</osmand:speed>
        </extensions>
      </trkpt>
      <trkpt lat="-8.4972425" lon="116.2475482">
        <ele>510.6</ele>
        <time>2026-07-26T04:46:27Z</time>
        <hdop>9.9</hdop>
        <extensions>
          <osmand:speed>1.5</osmand:speed>
        </extensions>
      </trkpt>
      <trkpt lat="-8.4971471" lon="116.2475064">
        <ele>510.4</ele>
        <time>2026-07-26T04:46:32Z</time>
        <hdop>9.9</hdop>
        <extensions>
          <osmand:speed>1.9</osmand:speed>
        </extensions>
      </trkpt>
      <trkpt lat="-8.4970144" lon="116.2474423">
        <ele>505</ele>
        <time>2026-07-26T04:46:38Z</time>
        <hdop>9.9</hdop>
        <extensions>
          <osmand:speed>1.9</osmand:speed>
        </extensions>
      </trkpt>
      <trkpt lat="-8.4968727" lon="116.2474528">
        <ele>501.3</ele>
        <time>2026-07-26T04:46:44Z</time>
        <hdop>9.9</hdop>
        <extensions>
          <osmand:speed>2</osmand:speed>
        </extensions>
      </trkpt>
      <trkpt lat="-8.4967556" lon="116.2474166">
        <ele>505.3</ele>
        <time>2026-07-26T04:46:49Z</time>
        <hdop>9.9</hdop>
        <extensions>
          <osmand:speed>2.1</osmand:speed>
        </extensions>
      </trkpt>
      <trkpt lat="-8.496696" lon="116.2473061">
        <ele>508.3</ele>
        <time>2026-07-26T04:46:55Z</time>
        <hdop>9.9</hdop>
        <extensions>
          <osmand:speed>2</osmand:speed>
        </extensions>
      </trkpt>
      <trkpt lat="-8.4966095" lon="116.2472204">
        <ele>510.2</ele>
        <time>2026-07-26T04:47:01Z</time>
        <hdop>9.9</hdop>
        <extensions>
          <osmand:speed>2</osmand:speed>
        </extensions>
      </trkpt>
      <trkpt lat="-8.4964923" lon="116.2471624">
        <ele>512.2</ele>
        <time>2026-07-26T04:47:07Z</time>
        <hdop>9.9</hdop>
        <extensions>
          <osmand:speed>2.1</osmand:speed>
        </extensions>
      </trkpt>
      <trkpt lat="-8.4963759" lon="116.2471236">
        <ele>510.2</ele>
        <time>2026-07-26T04:47:12Z</time>
        <hdop>9.9</hdop>
        <extensions>
          <osmand:speed>2.7</osmand:speed>
        </extensions>
      </trkpt>
      <trkpt lat="-8.4962248" lon="116.2471658">
        <ele>510.4</ele>
        <time>2026-07-26T04:47:18Z</time>
        <hdop>9.9</hdop>
      </trkpt>
      <trkpt lat="-8.4960979" lon="116.2471761">
        <ele>509.2</ele>
        <time>2026-07-26T04:47:23Z</time>
        <hdop>9.9</hdop>
        <extensions>
          <osmand:speed>1.9</osmand:speed>
        </extensions>
      </trkpt>
      <trkpt lat="-8.4959864" lon="116.2471948">
        <ele>508.1</ele>
        <time>2026-07-26T04:47:28Z</time>
        <hdop>9.9</hdop>
        <extensions>
          <osmand:speed>1.7</osmand:speed>
        </extensions>
      </trkpt>
      <trkpt lat="-8.4958458" lon="116.2472883">
        <ele>511.8</ele>
        <time>2026-07-26T04:47:34Z</time>
        <hdop>9.9</hdop>
        <extensions>
          <osmand:speed>1.8</osmand:speed>
        </extensions>
      </trkpt>
      <trkpt lat="-8.495749" lon="116.2473234">
        <ele>516.1</ele>
        <time>2026-07-26T04:47:39Z</time>
        <hdop>9.9</hdop>
        <extensions>
          <osmand:speed>2.3</osmand:speed>
        </extensions>
      </trkpt>
      <trkpt lat="-8.4956514" lon="116.2472442">
        <ele>514.6</ele>
        <time>2026-07-26T04:47:45Z</time>
        <hdop>9.9</hdop>
        <extensions>
          <osmand:speed>2</osmand:speed>
        </extensions>
      </trkpt>
      <trkpt lat="-8.4955175" lon="116.2472445">
        <ele>515.2</ele>
        <time>2026-07-26T04:47:51Z</time>
        <hdop>9.9</hdop>
        <extensions>
          <osmand:speed>1.7</osmand:speed>
        </extensions>
      </trkpt>
      <trkpt lat="-8.4953918" lon="116.2472508">
        <ele>515.8</ele>
        <time>2026-07-26T04:47:56Z</time>
        <hdop>9.9</hdop>
        <extensions>
          <osmand:speed>2</osmand:speed>
        </extensions>
      </trkpt>
      <trkpt lat="-8.4952737" lon="116.2472105">
        <ele>514.2</ele>
        <time>2026-07-26T04:48:02Z</time>
        <hdop>9.9</hdop>
        <extensions>
          <osmand:speed>1.9</osmand:speed>
        </extensions>
      </trkpt>
      <trkpt lat="-8.4951508" lon="116.2472308">
        <ele>511.1</ele>
        <time>2026-07-26T04:48:08Z</time>
        <hdop>9.9</hdop>
        <extensions>
          <osmand:speed>1.7</osmand:speed>
        </extensions>
      </trkpt>
      <trkpt lat="-8.495059" lon="116.2472056">
        <ele>515.8</ele>
        <time>2026-07-26T04:48:13Z</time>
        <hdop>9.9</hdop>
        <extensions>
          <osmand:speed>1.6</osmand:speed>
        </extensions>
      </trkpt>
      <trkpt lat="-8.4949555" lon="116.24717">
        <ele>521.3</ele>
        <time>2026-07-26T04:48:19Z</time>
        <hdop>9.9</hdop>
        <extensions>
          <osmand:speed>1.4</osmand:speed>
        </extensions>
      </trkpt>
      <trkpt lat="-8.4948015" lon="116.2471758">
        <ele>519.5</ele>
        <time>2026-07-26T04:48:25Z</time>
        <hdop>9.9</hdop>
        <extensions>
          <osmand:speed>2.3</osmand:speed>
        </extensions>
      </trkpt>
      <trkpt lat="-8.4946289" lon="116.2471688">
        <ele>516.1</ele>
        <time>2026-07-26T04:48:31Z</time>
        <hdop>9.9</hdop>
        <extensions>
          <osmand:speed>1.9</osmand:speed>
        </extensions>
      </trkpt>
      <trkpt lat="-8.4945543" lon="116.2471703">
        <ele>517.2</ele>
        <time>2026-07-26T04:48:37Z</time>
        <hdop>9.9</hdop>
      </trkpt>
      <trkpt lat="-8.494528" lon="116.2471844">
        <ele>512.6</ele>
        <time>2026-07-26T04:48:43Z</time>
        <hdop>9.9</hdop>
      </trkpt>
      <trkpt lat="-8.494518" lon="116.2471871">
        <ele>512.5</ele>
        <time>2026-07-26T04:48:48Z</time>
        <hdop>9.9</hdop>
      </trkpt>
      <trkpt lat="-8.4945104" lon="116.2471888">
        <ele>512.8</ele>
        <time>2026-07-26T04:48:54Z</time>
        <hdop>9.9</hdop>
      </trkpt>
      <trkpt lat="-8.4944955" lon="116.2471918">
        <ele>512.4</ele>
        <time>2026-07-26T04:49:00Z</time>
        <hdop>9.9</hdop>
      </trkpt>
      <trkpt lat="-8.4944949" lon="116.2471919">
        <ele>512.5</ele>
        <time>2026-07-26T04:49:06Z</time>
        <hdop>9.9</hdop>
      </trkpt>
      <trkpt lat="-8.4944946" lon="116.247192">
        <ele>512.5</ele>
        <time>2026-07-26T04:49:12Z</time>
        <hdop>9.9</hdop>
      </trkpt>
      <trkpt lat="-8.4944721" lon="116.247193">
        <ele>513.9</ele>
        <time>2026-07-26T04:49:18Z</time>
        <hdop>9.9</hdop>
        <extensions>
          <osmand:speed>0.6</osmand:speed>
        </extensions>
      </trkpt>
      <trkpt lat="-8.4944228" lon="116.2471767">
        <ele>516.6</ele>
        <time>2026-07-26T04:49:23Z</time>
        <hdop>10</hdop>
        <extensions>
          <osmand:speed>0.6</osmand:speed>
        </extensions>
      </trkpt>
      <trkpt lat="-8.4943659" lon="116.2471616">
        <ele>519.6</ele>
        <time>2026-07-26T04:49:29Z</time>
        <hdop>10.2</hdop>
        <extensions>
          <osmand:speed>0.9</osmand:speed>
        </extensions>
      </trkpt>
      <trkpt lat="-8.4943206" lon="116.2471595">
        <ele>520.4</ele>
        <time>2026-07-26T04:49:35Z</time>
        <hdop>10.3</hdop>
        <extensions>
          <osmand:speed>0.9</osmand:speed>
        </extensions>
      </trkpt>
      <trkpt lat="-8.4942614" lon="116.247183">
        <ele>519</ele>
        <time>2026-07-26T04:49:40Z</time>
        <hdop>10.2</hdop>
        <extensions>
          <osmand:speed>1.4</osmand:speed>
        </extensions>
      </trkpt>
      <trkpt lat="-8.4942484" lon="116.2471799">
        <ele>520.3</ele>
        <time>2026-07-26T04:49:46Z</time>
        <hdop>10.4</hdop>
      </trkpt>
      <trkpt lat="-8.4942718" lon="116.2471793">
        <ele>522</ele>
        <time>2026-07-26T04:49:52Z</time>
        <hdop>10.5</hdop>
      </trkpt>
      <trkpt lat="-8.4942744" lon="116.2471787">
        <ele>522.5</ele>
        <time>2026-07-26T04:49:57Z</time>
        <hdop>10.7</hdop>
      </trkpt>
      <trkpt lat="-8.494179" lon="116.247172">
        <ele>525.9</ele>
        <time>2026-07-26T04:50:03Z</time>
        <hdop>10.8</hdop>
        <extensions>
          <osmand:speed>1.2</osmand:speed>
        </extensions>
      </trkpt>
      <trkpt lat="-8.4941661" lon="116.2472025">
        <ele>525.5</ele>
        <time>2026-07-26T04:50:09Z</time>
        <hdop>10.7</hdop>
      </trkpt>
      <trkpt lat="-8.4941641" lon="116.2472058">
        <ele>524.5</ele>
        <time>2026-07-26T04:50:14Z</time>
        <hdop>10.7</hdop>
        <extensions>
          <osmand:speed>0.5</osmand:speed>
        </extensions>
      </trkpt>
      <trkpt lat="-8.4941843" lon="116.2472007">
        <ele>524.3</ele>
        <time>2026-07-26T04:50:20Z</time>
        <hdop>10.2</hdop>
      </trkpt>
      <trkpt lat="-8.4941845" lon="116.2471998">
        <ele>524.3</ele>
        <time>2026-07-26T04:50:26Z</time>
        <hdop>9.9</hdop>
      </trkpt>
      <trkpt lat="-8.4941848" lon="116.2471993">
        <ele>524.3</ele>
        <time>2026-07-26T04:50:32Z</time>
        <hdop>9.9</hdop>
      </trkpt>
      <trkpt lat="-8.4941848" lon="116.2471991">
        <ele>524.3</ele>
        <time>2026-07-26T04:50:37Z</time>
        <hdop>9.9</hdop>
      </trkpt>
      <trkpt lat="-8.4941851" lon="116.2471975">
        <ele>524.3</ele>
        <time>2026-07-26T04:50:43Z</time>
        <hdop>9.9</hdop>
      </trkpt>
      <trkpt lat="-8.4941807" lon="116.2472085">
        <ele>524.9</ele>
        <time>2026-07-26T04:50:49Z</time>
        <hdop>9.9</hdop>
      </trkpt>
      <trkpt lat="-8.4941805" lon="116.247211">
        <ele>524.8</ele>
        <time>2026-07-26T04:50:55Z</time>
        <hdop>9.9</hdop>
      </trkpt>
      <trkpt lat="-8.4941805" lon="116.2472111">
        <ele>524.8</ele>
        <time>2026-07-26T04:51:01Z</time>
        <hdop>9.9</hdop>
      </trkpt>
      <trkpt lat="-8.4941816" lon="116.2472031">
        <ele>524.3</ele>
        <time>2026-07-26T04:51:07Z</time>
        <hdop>9.9</hdop>
        <extensions>
          <osmand:speed>0.3</osmand:speed>
        </extensions>
      </trkpt>
      <trkpt lat="-8.4942097" lon="116.2471593">
        <ele>525.9</ele>
        <time>2026-07-26T04:51:12Z</time>
        <hdop>9.9</hdop>
        <extensions>
          <osmand:speed>0.6</osmand:speed>
        </extensions>
      </trkpt>
      <trkpt lat="-8.4942277" lon="116.2471424">
        <ele>525.5</ele>
        <time>2026-07-26T04:51:18Z</time>
        <hdop>10</hdop>
      </trkpt>
      <trkpt lat="-8.494228" lon="116.2471425">
        <ele>525.5</ele>
        <time>2026-07-26T04:51:23Z</time>
        <hdop>10</hdop>
      </trkpt>
      <trkpt lat="-8.4942285" lon="116.2471424">
        <ele>525.5</ele>
        <time>2026-07-26T04:51:29Z</time>
        <hdop>9.9</hdop>
      </trkpt>
      <trkpt lat="-8.4942291" lon="116.2471434">
        <ele>524.4</ele>
        <time>2026-07-26T04:51:34Z</time>
        <hdop>9.9</hdop>
      </trkpt>
      <trkpt lat="-8.494239" lon="116.2471513">
        <ele>525.3</ele>
        <time>2026-07-26T04:51:40Z</time>
        <hdop>9.9</hdop>
      </trkpt>
      <trkpt lat="-8.4942396" lon="116.2471517">
        <ele>525.3</ele>
        <time>2026-07-26T04:51:46Z</time>
        <hdop>9.9</hdop>
      </trkpt>
      <trkpt lat="-8.4942403" lon="116.2471537">
        <ele>525.7</ele>
        <time>2026-07-26T04:51:52Z</time>
        <hdop>9.9</hdop>
      </trkpt>
      <trkpt lat="-8.494243" lon="116.2471572">
        <ele>526.6</ele>
        <time>2026-07-26T04:51:57Z</time>
        <hdop>9.9</hdop>
      </trkpt>
      <trkpt lat="-8.494247" lon="116.2471488">
        <ele>527.2</ele>
        <time>2026-07-26T04:52:03Z</time>
        <hdop>9.9</hdop>
        <extensions>
          <osmand:speed>0.4</osmand:speed>
        </extensions>
      </trkpt>
      <trkpt lat="-8.4942673" lon="116.2471703">
        <ele>526.3</ele>
        <time>2026-07-26T04:52:09Z</time>
        <hdop>10.9</hdop>
        <extensions>
          <osmand:speed>0.9</osmand:speed>
        </extensions>
      </trkpt>
      <trkpt lat="-8.4942259" lon="116.2471589">
        <ele>526</ele>
        <time>2026-07-26T04:52:14Z</time>
        <hdop>10</hdop>
        <extensions>
          <osmand:speed>0.4</osmand:speed>
        </extensions>
      </trkpt>
      <trkpt lat="-8.4941684" lon="116.2471245">
        <ele>525.4</ele>
        <time>2026-07-26T04:52:19Z</time>
        <hdop>6.7</hdop>
        <extensions>
          <osmand:speed>0.9</osmand:speed>
        </extensions>
      </trkpt>
      <trkpt lat="-8.4941481" lon="116.2470645">
        <ele>529.3</ele>
        <time>2026-07-26T04:52:25Z</time>
        <hdop>5.2</hdop>
        <extensions>
          <osmand:speed>1</osmand:speed>
        </extensions>
      </trkpt>
      <trkpt lat="-8.4941355" lon="116.2470069">
        <ele>529.4</ele>
        <time>2026-07-26T04:52:30Z</time>
        <hdop>5.3</hdop>
        <extensions>
          <osmand:speed>1</osmand:speed>
        </extensions>
      </trkpt>
      <trkpt lat="-8.4941132" lon="116.2469412">
        <ele>528.6</ele>
        <time>2026-07-26T04:52:36Z</time>
        <hdop>4.9</hdop>
        <extensions>
          <osmand:speed>1.1</osmand:speed>
        </extensions>
      </trkpt>
      <trkpt lat="-8.4941062" lon="116.2468995">
        <ele>528.1</ele>
        <time>2026-07-26T04:52:42Z</time>
        <hdop>4.7</hdop>
        <extensions>
          <osmand:speed>0.8</osmand:speed>
        </extensions>
      </trkpt>
      <trkpt lat="-8.4941217" lon="116.2468487">
        <ele>526.6</ele>
        <time>2026-07-26T04:52:47Z</time>
        <hdop>4.8</hdop>
        <extensions>
          <osmand:speed>1.1</osmand:speed>
        </extensions>
      </trkpt>
      <trkpt lat="-8.4941318" lon="116.24678">
        <ele>525.9</ele>
        <time>2026-07-26T04:52:52Z</time>
        <hdop>4.9</hdop>
        <extensions>
          <osmand:speed>1.3</osmand:speed>
        </extensions>
      </trkpt>
      <trkpt lat="-8.4941306" lon="116.2467422">
        <ele>527.4</ele>
        <time>2026-07-26T04:52:58Z</time>
        <hdop>5.3</hdop>
        <extensions>
          <osmand:speed>0.8</osmand:speed>
        </extensions>
      </trkpt>
      <trkpt lat="-8.4941228" lon="116.2466969">
        <ele>529.2</ele>
        <time>2026-07-26T04:53:03Z</time>
        <hdop>5.3</hdop>
        <extensions>
          <osmand:speed>1</osmand:speed>
        </extensions>
      </trkpt>
      <trkpt lat="-8.4941222" lon="116.2466428">
        <ele>524.3</ele>
        <time>2026-07-26T04:53:08Z</time>
        <hdop>5.7</hdop>
        <extensions>
          <osmand:speed>1.1</osmand:speed>
        </extensions>
      </trkpt>
      <trkpt lat="-8.4941475" lon="116.246624">
        <ele>527.2</ele>
        <time>2026-07-26T04:53:13Z</time>
        <hdop>5.8</hdop>
        <extensions>
          <osmand:speed>1</osmand:speed>
        </extensions>
      </trkpt>
      <trkpt lat="-8.4941545" lon="116.2465859">
        <ele>528.3</ele>
        <time>2026-07-26T04:53:18Z</time>
        <hdop>5.4</hdop>
        <extensions>
          <osmand:speed>1</osmand:speed>
        </extensions>
      </trkpt>
      <trkpt lat="-8.4941893" lon="116.2465331">
        <ele>526.6</ele>
        <time>2026-07-26T04:53:24Z</time>
        <hdop>5</hdop>
        <extensions>
          <osmand:speed>1.2</osmand:speed>
        </extensions>
      </trkpt>
      <trkpt lat="-8.4942336" lon="116.2465086">
        <ele>526.8</ele>
        <time>2026-07-26T04:53:29Z</time>
        <hdop>5</hdop>
        <extensions>
          <osmand:speed>1.1</osmand:speed>
        </extensions>
      </trkpt>
      <trkpt lat="-8.4942764" lon="116.2464885">
        <ele>526.1</ele>
        <time>2026-07-26T04:53:34Z</time>
        <hdop>5.2</hdop>
        <extensions>
          <osmand:speed>0.9</osmand:speed>
        </extensions>
      </trkpt>
      <trkpt lat="-8.4943268" lon="116.2464803">
        <ele>526.4</ele>
        <time>2026-07-26T04:53:40Z</time>
        <hdop>5.3</hdop>
        <extensions>
          <osmand:speed>1.1</osmand:speed>
        </extensions>
      </trkpt>
      <trkpt lat="-8.4943768" lon="116.246471">
        <ele>526</ele>
        <time>2026-07-26T04:53:45Z</time>
        <hdop>5.1</hdop>
        <extensions>
          <osmand:speed>1.1</osmand:speed>
        </extensions>
      </trkpt>
      <trkpt lat="-8.4944201" lon="116.2464394">
        <ele>524.1</ele>
        <time>2026-07-26T04:53:51Z</time>
        <hdop>5.1</hdop>
        <extensions>
          <osmand:speed>1.1</osmand:speed>
        </extensions>
      </trkpt>
      <trkpt lat="-8.4944349" lon="116.2464184">
        <ele>525.8</ele>
        <time>2026-07-26T04:53:56Z</time>
        <hdop>5.2</hdop>
        <extensions>
          <osmand:speed>0.8</osmand:speed>
        </extensions>
      </trkpt>
      <trkpt lat="-8.4944762" lon="116.2464016">
        <ele>527.4</ele>
        <time>2026-07-26T04:54:01Z</time>
        <hdop>5.4</hdop>
        <extensions>
          <osmand:speed>1.1</osmand:speed>
        </extensions>
      </trkpt>
      <trkpt lat="-8.494518" lon="116.2463721">
        <ele>527.6</ele>
        <time>2026-07-26T04:54:06Z</time>
        <hdop>5.1</hdop>
        <extensions>
          <osmand:speed>1.2</osmand:speed>
        </extensions>
      </trkpt>
      <trkpt lat="-8.49454" lon="116.2463173">
        <ele>525.3</ele>
        <time>2026-07-26T04:54:11Z</time>
        <hdop>5.2</hdop>
        <extensions>
          <osmand:speed>1.2</osmand:speed>
        </extensions>
      </trkpt>
      <trkpt lat="-8.4945699" lon="116.2462746">
        <ele>522.6</ele>
        <time>2026-07-26T04:54:16Z</time>
        <hdop>5.5</hdop>
        <extensions>
          <osmand:speed>1.2</osmand:speed>
        </extensions>
      </trkpt>
      <trkpt lat="-8.4946011" lon="116.2462447">
        <ele>523.3</ele>
        <time>2026-07-26T04:54:22Z</time>
        <hdop>5.3</hdop>
        <extensions>
          <osmand:speed>0.9</osmand:speed>
        </extensions>
      </trkpt>
      <trkpt lat="-8.4946421" lon="116.2462411">
        <ele>524.6</ele>
        <time>2026-07-26T04:54:27Z</time>
        <hdop>5.2</hdop>
        <extensions>
          <osmand:speed>1.1</osmand:speed>
        </extensions>
      </trkpt>
      <trkpt lat="-8.4946986" lon="116.2462258">
        <ele>526.4</ele>
        <time>2026-07-26T04:54:32Z</time>
        <hdop>4.9</hdop>
        <extensions>
          <osmand:speed>1.2</osmand:speed>
        </extensions>
      </trkpt>
      <trkpt lat="-8.4947053" lon="116.2461483">
        <ele>524.5</ele>
        <time>2026-07-26T04:54:38Z</time>
        <hdop>5.8</hdop>
        <extensions>
          <osmand:speed>1.1</osmand:speed>
        </extensions>
      </trkpt>
      <trkpt lat="-8.4947322" lon="116.2460954">
        <ele>524.4</ele>
        <time>2026-07-26T04:54:43Z</time>
        <hdop>4</hdop>
        <extensions>
          <osmand:speed>1</osmand:speed>
        </extensions>
      </trkpt>
      <trkpt lat="-8.4947397" lon="116.2460309">
        <ele>522.8</ele>
        <time>2026-07-26T04:54:49Z</time>
        <hdop>4.4</hdop>
        <extensions>
          <osmand:speed>0.8</osmand:speed>
        </extensions>
      </trkpt>
      <trkpt lat="-8.4947257" lon="116.2459612">
        <ele>524.1</ele>
        <time>2026-07-26T04:54:54Z</time>
        <hdop>5</hdop>
        <extensions>
          <osmand:speed>1</osmand:speed>
        </extensions>
      </trkpt>
      <trkpt lat="-8.4947045" lon="116.2459054">
        <ele>523.5</ele>
        <time>2026-07-26T04:54:59Z</time>
        <hdop>5.3</hdop>
        <extensions>
          <osmand:speed>1.1</osmand:speed>
        </extensions>
      </trkpt>
      <trkpt lat="-8.4946916" lon="116.2458433">
        <ele>524.3</ele>
        <time>2026-07-26T04:55:05Z</time>
        <hdop>5.2</hdop>
        <extensions>
          <osmand:speed>1.1</osmand:speed>
        </extensions>
      </trkpt>
      <trkpt lat="-8.4946517" lon="116.2457897">
        <ele>525.6</ele>
        <time>2026-07-26T04:55:10Z</time>
        <hdop>5.2</hdop>
        <extensions>
          <osmand:speed>1.1</osmand:speed>
        </extensions>
      </trkpt>
      <trkpt lat="-8.4946123" lon="116.2457449">
        <ele>528.3</ele>
        <time>2026-07-26T04:55:16Z</time>
        <hdop>5.3</hdop>
        <extensions>
          <osmand:speed>1.1</osmand:speed>
        </extensions>
      </trkpt>
      <trkpt lat="-8.4945842" lon="116.2457006">
        <ele>529.4</ele>
        <time>2026-07-26T04:55:21Z</time>
        <hdop>4.9</hdop>
        <extensions>
          <osmand:speed>0.9</osmand:speed>
        </extensions>
      </trkpt>
      <trkpt lat="-8.4945713" lon="116.245668">
        <ele>526.9</ele>
        <time>2026-07-26T04:55:26Z</time>
        <hdop>5.2</hdop>
        <extensions>
          <osmand:speed>0.7</osmand:speed>
        </extensions>
      </trkpt>
      <trkpt lat="-8.4945668" lon="116.2456392">
        <ele>528.2</ele>
        <time>2026-07-26T04:55:32Z</time>
        <hdop>5.1</hdop>
        <extensions>
          <osmand:speed>0.9</osmand:speed>
        </extensions>
      </trkpt>
      <trkpt lat="-8.4945667" lon="116.2456067">
        <ele>528.5</ele>
        <time>2026-07-26T04:55:37Z</time>
        <hdop>5.1</hdop>
        <extensions>
          <osmand:speed>1.1</osmand:speed>
        </extensions>
      </trkpt>
      <trkpt lat="-8.4945018" lon="116.2455422">
        <ele>527.4</ele>
        <time>2026-07-26T04:55:42Z</time>
        <hdop>5.6</hdop>
        <extensions>
          <osmand:speed>1.2</osmand:speed>
        </extensions>
      </trkpt>
      <trkpt lat="-8.4944467" lon="116.2455318">
        <ele>525.8</ele>
        <time>2026-07-26T04:55:48Z</time>
        <hdop>5.1</hdop>
        <extensions>
          <osmand:speed>1.1</osmand:speed>
        </extensions>
      </trkpt>
      <trkpt lat="-8.494408" lon="116.2455519">
        <ele>523.7</ele>
        <time>2026-07-26T04:55:53Z</time>
        <hdop>4.9</hdop>
        <extensions>
          <osmand:speed>0.7</osmand:speed>
        </extensions>
      </trkpt>
      <trkpt lat="-8.494361" lon="116.2455453">
        <ele>524.5</ele>
        <time>2026-07-26T04:55:58Z</time>
        <hdop>4.8</hdop>
        <extensions>
          <osmand:speed>0.8</osmand:speed>
        </extensions>
      </trkpt>
      <trkpt lat="-8.4943255" lon="116.245503">
        <ele>526.4</ele>
        <time>2026-07-26T04:56:04Z</time>
        <hdop>5.1</hdop>
        <extensions>
          <osmand:speed>1</osmand:speed>
        </extensions>
      </trkpt>
      <trkpt lat="-8.4943404" lon="116.2454461">
        <ele>527.9</ele>
        <time>2026-07-26T04:56:09Z</time>
        <hdop>5.1</hdop>
        <extensions>
          <osmand:speed>1</osmand:speed>
        </extensions>
      </trkpt>
      <trkpt lat="-8.4943743" lon="116.2453828">
        <ele>528.6</ele>
        <time>2026-07-26T04:56:14Z</time>
        <hdop>4.8</hdop>
        <extensions>
          <osmand:speed>1.3</osmand:speed>
        </extensions>
      </trkpt>
      <trkpt lat="-8.4943958" lon="116.2453214">
        <ele>527.6</ele>
        <time>2026-07-26T04:56:19Z</time>
        <hdop>5.2</hdop>
        <extensions>
          <osmand:speed>1.2</osmand:speed>
        </extensions>
      </trkpt>
      <trkpt lat="-8.4943808" lon="116.2452695">
        <ele>528</ele>
        <time>2026-07-26T04:56:25Z</time>
        <hdop>5.2</hdop>
        <extensions>
          <osmand:speed>1</osmand:speed>
        </extensions>
      </trkpt>
      <trkpt lat="-8.494386" lon="116.2452254">
        <ele>528.4</ele>
        <time>2026-07-26T04:56:31Z</time>
        <hdop>4.8</hdop>
        <extensions>
          <osmand:speed>0.7</osmand:speed>
        </extensions>
      </trkpt>
      <trkpt lat="-8.4943935" lon="116.2452195">
        <ele>529.1</ele>
        <time>2026-07-26T04:56:36Z</time>
        <hdop>4.4</hdop>
        <extensions>
          <osmand:speed>0.3</osmand:speed>
        </extensions>
      </trkpt>
      <trkpt lat="-8.4944026" lon="116.2451813">
        <ele>527.9</ele>
        <time>2026-07-26T04:56:41Z</time>
        <hdop>4.8</hdop>
        <extensions>
          <osmand:speed>1</osmand:speed>
        </extensions>
      </trkpt>
      <trkpt lat="-8.4943861" lon="116.2451348">
        <ele>529.1</ele>
        <time>2026-07-26T04:56:47Z</time>
        <hdop>5.1</hdop>
        <extensions>
          <osmand:speed>1</osmand:speed>
        </extensions>
      </trkpt>
      <trkpt lat="-8.4943976" lon="116.245084">
        <ele>528.1</ele>
        <time>2026-07-26T04:56:52Z</time>
        <hdop>5</hdop>
        <extensions>
          <osmand:speed>1.1</osmand:speed>
        </extensions>
      </trkpt>
      <trkpt lat="-8.4944125" lon="116.2450245">
        <ele>526.8</ele>
        <time>2026-07-26T04:56:57Z</time>
        <hdop>5.2</hdop>
        <extensions>
          <osmand:speed>1.1</osmand:speed>
        </extensions>
      </trkpt>
      <trkpt lat="-8.4944219" lon="116.2449746">
        <ele>527.3</ele>
        <time>2026-07-26T04:57:02Z</time>
        <hdop>5.2</hdop>
        <extensions>
          <osmand:speed>1</osmand:speed>
        </extensions>
      </trkpt>
      <trkpt lat="-8.4944333" lon="116.2449406">
        <ele>528.2</ele>
        <time>2026-07-26T04:57:07Z</time>
        <hdop>5.3</hdop>
        <extensions>
          <osmand:speed>0.7</osmand:speed>
        </extensions>
      </trkpt>
      <trkpt lat="-8.494421" lon="116.2448976">
        <ele>528.9</ele>
        <time>2026-07-26T04:57:13Z</time>
        <hdop>5.2</hdop>
        <extensions>
          <osmand:speed>0.9</osmand:speed>
        </extensions>
      </trkpt>
      <trkpt lat="-8.4944223" lon="116.2448658">
        <ele>528.6</ele>
        <time>2026-07-26T04:57:18Z</time>
        <hdop>5.1</hdop>
        <extensions>
          <osmand:speed>0.7</osmand:speed>
        </extensions>
      </trkpt>
      <trkpt lat="-8.4944041" lon="116.2448361">
        <ele>524.6</ele>
        <time>2026-07-26T04:57:23Z</time>
        <hdop>5.6</hdop>
        <extensions>
          <osmand:speed>0.7</osmand:speed>
        </extensions>
      </trkpt>
      <trkpt lat="-8.4944079" lon="116.2448278">
        <ele>524.1</ele>
        <time>2026-07-26T04:57:28Z</time>
        <hdop>6.3</hdop>
        <extensions>
          <osmand:speed>0.3</osmand:speed>
        </extensions>
      </trkpt>
      <trkpt lat="-8.4944051" lon="116.2448308">
        <ele>523.4</ele>
        <time>2026-07-26T04:57:34Z</time>
        <hdop>5.2</hdop>
        <extensions>
          <osmand:speed>0.3</osmand:speed>
        </extensions>
      </trkpt>
      <trkpt lat="-8.4943907" lon="116.2448259">
        <ele>521.4</ele>
        <time>2026-07-26T04:57:39Z</time>
        <hdop>5</hdop>
        <extensions>
          <osmand:speed>0.4</osmand:speed>
        </extensions>
      </trkpt>
      <trkpt lat="-8.4943752" lon="116.2448149">
        <ele>519.6</ele>
        <time>2026-07-26T04:57:45Z</time>
        <hdop>4.9</hdop>
        <extensions>
          <osmand:speed>0.3</osmand:speed>
        </extensions>
      </trkpt>
      <trkpt lat="-8.4943823" lon="116.2448072">
        <ele>520.3</ele>
        <time>2026-07-26T04:57:50Z</time>
        <hdop>4.8</hdop>
        <extensions>
          <osmand:speed>0.1</osmand:speed>
        </extensions>
      </trkpt>
      <trkpt lat="-8.4944185" lon="116.2447606">
        <ele>519.8</ele>
        <time>2026-07-26T04:57:56Z</time>
        <hdop>6.4</hdop>
        <extensions>
          <osmand:speed>0.4</osmand:speed>
        </extensions>
      </trkpt>
      <trkpt lat="-8.4944471" lon="116.2447956">
        <ele>517</ele>
        <time>2026-07-26T04:58:02Z</time>
        <hdop>9.9</hdop>
        <extensions>
          <osmand:speed>0.2</osmand:speed>
        </extensions>
      </trkpt>
      <trkpt lat="-8.4944545" lon="116.2447693">
        <ele>517</ele>
        <time>2026-07-26T04:58:07Z</time>
        <hdop>10.1</hdop>
        <extensions>
          <osmand:speed>0.6</osmand:speed>
        </extensions>
      </trkpt>
      <trkpt lat="-8.4944851" lon="116.2447472">
        <ele>515.6</ele>
        <time>2026-07-26T04:58:13Z</time>
        <hdop>10.1</hdop>
        <extensions>
          <osmand:speed>0.9</osmand:speed>
        </extensions>
      </trkpt>
      <trkpt lat="-8.4944758" lon="116.244758">
        <ele>515.7</ele>
        <time>2026-07-26T04:58:19Z</time>
        <hdop>10.3</hdop>
      </trkpt>
      <trkpt lat="-8.4944925" lon="116.2447533">
        <ele>514.9</ele>
        <time>2026-07-26T04:58:25Z</time>
        <hdop>10.2</hdop>
        <extensions>
          <osmand:speed>0.8</osmand:speed>
        </extensions>
      </trkpt>
      <trkpt lat="-8.4944968" lon="116.244731">
        <ele>511.5</ele>
        <time>2026-07-26T04:58:31Z</time>
        <hdop>10.3</hdop>
        <extensions>
          <osmand:speed>0.9</osmand:speed>
        </extensions>
      </trkpt>
      <trkpt lat="-8.4944569" lon="116.2446988">
        <ele>512.3</ele>
        <time>2026-07-26T04:58:36Z</time>
        <hdop>10.2</hdop>
        <extensions>
          <osmand:speed>0.5</osmand:speed>
        </extensions>
      </trkpt>
      <trkpt lat="-8.4944301" lon="116.2446936">
        <ele>512.2</ele>
        <time>2026-07-26T04:58:42Z</time>
        <hdop>10.2</hdop>
        <extensions>
          <osmand:speed>0.3</osmand:speed>
        </extensions>
      </trkpt>
      <trkpt lat="-8.4943987" lon="116.2447032">
        <ele>508.4</ele>
        <time>2026-07-26T04:58:47Z</time>
        <hdop>10.2</hdop>
        <extensions>
          <osmand:speed>0.7</osmand:speed>
        </extensions>
      </trkpt>
      <trkpt lat="-8.4943636" lon="116.2447152">
        <ele>508.8</ele>
        <time>2026-07-26T04:58:52Z</time>
        <hdop>10.4</hdop>
        <extensions>
          <osmand:speed>0.5</osmand:speed>
        </extensions>
      </trkpt>
      <trkpt lat="-8.4944012" lon="116.2447237">
        <ele>508.1</ele>
        <time>2026-07-26T04:58:58Z</time>
        <hdop>10.3</hdop>
        <extensions>
          <osmand:speed>0.6</osmand:speed>
        </extensions>
      </trkpt>
      <trkpt lat="-8.4944104" lon="116.2447158">
        <ele>506.7</ele>
        <time>2026-07-26T04:59:04Z</time>
        <hdop>10.3</hdop>
        <extensions>
          <osmand:speed>0.4</osmand:speed>
        </extensions>
      </trkpt>
      <trkpt lat="-8.4944134" lon="116.2447159">
        <ele>506.7</ele>
        <time>2026-07-26T04:59:10Z</time>
        <hdop>10.2</hdop>
        <extensions>
          <osmand:speed>0.2</osmand:speed>
        </extensions>
      </trkpt>
      <trkpt lat="-8.494414" lon="116.2447164">
        <ele>506.7</ele>
        <time>2026-07-26T04:59:15Z</time>
        <hdop>10.1</hdop>
        <extensions>
          <osmand:speed>0.1</osmand:speed>
        </extensions>
      </trkpt>
      <trkpt lat="-8.4944203" lon="116.2447178">
        <ele>505.7</ele>
        <time>2026-07-26T04:59:21Z</time>
        <hdop>10.1</hdop>
        <extensions>
          <osmand:speed>0.2</osmand:speed>
        </extensions>
      </trkpt>
      <trkpt lat="-8.4944236" lon="116.2446988">
        <ele>505.6</ele>
        <time>2026-07-26T04:59:27Z</time>
        <hdop>10.2</hdop>
        <extensions>
          <osmand:speed>0.3</osmand:speed>
        </extensions>
      </trkpt>
      <trkpt lat="-8.4943828" lon="116.2446924">
        <ele>506.6</ele>
        <time>2026-07-26T04:59:33Z</time>
        <hdop>10.9</hdop>
        <extensions>
          <osmand:speed>0.7</osmand:speed>
        </extensions>
      </trkpt>
      <trkpt lat="-8.4943641" lon="116.2446754">
        <ele>504.3</ele>
        <time>2026-07-26T04:59:39Z</time>
        <hdop>10.8</hdop>
      </trkpt>
      <trkpt lat="-8.4944013" lon="116.2446858">
        <ele>502.1</ele>
        <time>2026-07-26T04:59:45Z</time>
        <hdop>10.4</hdop>
      </trkpt>
      <trkpt lat="-8.4944563" lon="116.2446273">
        <ele>504.6</ele>
        <time>2026-07-26T04:59:51Z</time>
        <hdop>10.8</hdop>
        <extensions>
          <osmand:speed>0.9</osmand:speed>
        </extensions>
      </trkpt>
      <trkpt lat="-8.4944852" lon="116.2446143">
        <ele>505.5</ele>
        <time>2026-07-26T04:59:57Z</time>
        <hdop>10.8</hdop>
        <extensions>
          <osmand:speed>0.4</osmand:speed>
        </extensions>
      </trkpt>
      <trkpt lat="-8.4944686" lon="116.2446182">
        <ele>504</ele>
        <time>2026-07-26T05:00:03Z</time>
        <hdop>10.8</hdop>
        <extensions>
          <osmand:speed>0.2</osmand:speed>
        </extensions>
      </trkpt>
      <trkpt lat="-8.4944328" lon="116.2446253">
        <ele>500.9</ele>
        <time>2026-07-26T05:00:09Z</time>
        <hdop>11</hdop>
        <extensions>
          <osmand:speed>0.6</osmand:speed>
        </extensions>
      </trkpt>
      <trkpt lat="-8.4944742" lon="116.2446533">
        <ele>501.8</ele>
        <time>2026-07-26T05:00:15Z</time>
        <hdop>10.8</hdop>
        <extensions>
          <osmand:speed>0.8</osmand:speed>
        </extensions>
      </trkpt>
      <trkpt lat="-8.4944761" lon="116.2446471">
        <ele>502.5</ele>
        <time>2026-07-26T05:00:21Z</time>
        <hdop>10.3</hdop>
        <extensions>
          <osmand:speed>0.1</osmand:speed>
        </extensions>
      </trkpt>
      <trkpt lat="-8.4944979" lon="116.2446448">
        <ele>499.5</ele>
        <time>2026-07-26T05:00:26Z</time>
        <hdop>10.3</hdop>
        <extensions>
          <osmand:speed>0.3</osmand:speed>
        </extensions>
      </trkpt>
      <trkpt lat="-8.4944764" lon="116.2446025">
        <ele>500.8</ele>
        <time>2026-07-26T05:00:32Z</time>
        <hdop>10.2</hdop>
        <extensions>
          <osmand:speed>0.1</osmand:speed>
        </extensions>
      </trkpt>
      <trkpt lat="-8.4944754" lon="116.2445972">
        <ele>501.2</ele>
        <time>2026-07-26T05:00:38Z</time>
        <hdop>10.1</hdop>
        <extensions>
          <osmand:speed>0.2</osmand:speed>
        </extensions>
      </trkpt>
      <trkpt lat="-8.4944608" lon="116.2446195">
        <ele>497.9</ele>
        <time>2026-07-26T05:00:44Z</time>
        <hdop>10.2</hdop>
        <extensions>
          <osmand:speed>0.3</osmand:speed>
        </extensions>
      </trkpt>
      <trkpt lat="-8.4944311" lon="116.244606">
        <ele>501.1</ele>
        <time>2026-07-26T05:00:49Z</time>
        <hdop>10.4</hdop>
        <extensions>
          <osmand:speed>0.8</osmand:speed>
        </extensions>
      </trkpt>
      <trkpt lat="-8.4944032" lon="116.244597">
        <ele>499.8</ele>
        <time>2026-07-26T05:00:55Z</time>
        <hdop>10.4</hdop>
        <extensions>
          <osmand:speed>0.4</osmand:speed>
        </extensions>
      </trkpt>
      <trkpt lat="-8.4944644" lon="116.2445696">
        <ele>499.5</ele>
        <time>2026-07-26T05:01:01Z</time>
        <hdop>10.5</hdop>
        <extensions>
          <osmand:speed>0.4</osmand:speed>
        </extensions>
      </trkpt>
      <trkpt lat="-8.4944625" lon="116.2445781">
        <ele>498.8</ele>
        <time>2026-07-26T05:01:06Z</time>
        <hdop>10.4</hdop>
        <extensions>
          <osmand:speed>0.2</osmand:speed>
        </extensions>
      </trkpt>
      <trkpt lat="-8.4944337" lon="116.244591">
        <ele>500.4</ele>
        <time>2026-07-26T05:01:12Z</time>
        <hdop>10.4</hdop>
        <extensions>
          <osmand:speed>0.2</osmand:speed>
        </extensions>
      </trkpt>
      <trkpt lat="-8.4944516" lon="116.2445856">
        <ele>501</ele>
        <time>2026-07-26T05:01:17Z</time>
        <hdop>10.6</hdop>
        <extensions>
          <osmand:speed>0.6</osmand:speed>
        </extensions>
      </trkpt>
      <trkpt lat="-8.4944728" lon="116.2445368">
        <ele>500.8</ele>
        <time>2026-07-26T05:01:23Z</time>
        <hdop>10.2</hdop>
        <extensions>
          <osmand:speed>1.1</osmand:speed>
        </extensions>
      </trkpt>
      <trkpt lat="-8.4944545" lon="116.2445449">
        <ele>500.3</ele>
        <time>2026-07-26T05:01:29Z</time>
        <hdop>10.2</hdop>
        <extensions>
          <osmand:speed>0.3</osmand:speed>
        </extensions>
      </trkpt>
      <trkpt lat="-8.4944447" lon="116.2445739">
        <ele>497.1</ele>
        <time>2026-07-26T05:01:35Z</time>
        <hdop>11</hdop>
        <extensions>
          <osmand:speed>0.8</osmand:speed>
        </extensions>
      </trkpt>
      <trkpt lat="-8.4944308" lon="116.2446059">
        <ele>498.2</ele>
        <time>2026-07-26T05:01:41Z</time>
        <hdop>11.1</hdop>
        <extensions>
          <osmand:speed>0.4</osmand:speed>
        </extensions>
      </trkpt>
      <trkpt lat="-8.4944097" lon="116.2446199">
        <ele>497.5</ele>
        <time>2026-07-26T05:01:47Z</time>
        <hdop>10.8</hdop>
        <extensions>
          <osmand:speed>0.6</osmand:speed>
        </extensions>
      </trkpt>
      <trkpt lat="-8.4944453" lon="116.244594">
        <ele>495.9</ele>
        <time>2026-07-26T05:01:53Z</time>
        <hdop>6</hdop>
        <extensions>
          <osmand:speed>0.2</osmand:speed>
        </extensions>
      </trkpt>
      <trkpt lat="-8.4944437" lon="116.244598">
        <ele>496.7</ele>
        <time>2026-07-26T05:01:58Z</time>
        <hdop>4.8</hdop>
        <extensions>
          <osmand:speed>0.1</osmand:speed>
        </extensions>
      </trkpt>
      <trkpt lat="-8.4944348" lon="116.2445973">
        <ele>493.1</ele>
        <time>2026-07-26T05:02:04Z</time>
        <hdop>4.5</hdop>
        <extensions>
          <osmand:speed>0.1</osmand:speed>
        </extensions>
      </trkpt>
      <trkpt lat="-8.4944366" lon="116.2445941">
        <ele>493.1</ele>
        <time>2026-07-26T05:02:09Z</time>
        <hdop>4.5</hdop>
        <extensions>
          <osmand:speed>0</osmand:speed>
        </extensions>
      </trkpt>
      <trkpt lat="-8.4944387" lon="116.2445934">
        <ele>492.9</ele>
        <time>2026-07-26T05:02:14Z</time>
        <hdop>4.9</hdop>
        <extensions>
          <osmand:speed>0</osmand:speed>
        </extensions>
      </trkpt>
      <trkpt lat="-8.4944367" lon="116.2445818">
        <ele>493.5</ele>
        <time>2026-07-26T05:02:20Z</time>
        <hdop>4.8</hdop>
        <extensions>
          <osmand:speed>0.2</osmand:speed>
        </extensions>
      </trkpt>
      <trkpt lat="-8.4944348" lon="116.2445779">
        <ele>494.8</ele>
        <time>2026-07-26T05:02:25Z</time>
        <hdop>4.6</hdop>
        <extensions>
          <osmand:speed>0.2</osmand:speed>
        </extensions>
      </trkpt>
      <trkpt lat="-8.4944335" lon="116.244586">
        <ele>493.6</ele>
        <time>2026-07-26T05:02:30Z</time>
        <hdop>4.6</hdop>
        <extensions>
          <osmand:speed>0.2</osmand:speed>
        </extensions>
      </trkpt>
      <trkpt lat="-8.4944348" lon="116.2445864">
        <ele>492.6</ele>
        <time>2026-07-26T05:02:36Z</time>
        <hdop>4.8</hdop>
        <extensions>
          <osmand:speed>0</osmand:speed>
        </extensions>
      </trkpt>
      <trkpt lat="-8.4944372" lon="116.244592">
        <ele>493.2</ele>
        <time>2026-07-26T05:02:42Z</time>
        <hdop>5.4</hdop>
        <extensions>
          <osmand:speed>0.1</osmand:speed>
        </extensions>
      </trkpt>
      <trkpt lat="-8.4944411" lon="116.2445912">
        <ele>492.7</ele>
        <time>2026-07-26T05:02:47Z</time>
        <hdop>5.2</hdop>
        <extensions>
          <osmand:speed>0.2</osmand:speed>
        </extensions>
      </trkpt>
      <trkpt lat="-8.494445" lon="116.2445637">
        <ele>493.9</ele>
        <time>2026-07-26T05:02:53Z</time>
        <hdop>5.1</hdop>
        <extensions>
          <osmand:speed>0.2</osmand:speed>
        </extensions>
      </trkpt>
      <trkpt lat="-8.4944361" lon="116.2445281">
        <ele>494.3</ele>
        <time>2026-07-26T05:02:58Z</time>
        <hdop>4.9</hdop>
        <extensions>
          <osmand:speed>0.3</osmand:speed>
        </extensions>
      </trkpt>
      <trkpt lat="-8.4944327" lon="116.2445075">
        <ele>492.8</ele>
        <time>2026-07-26T05:03:03Z</time>
        <hdop>4.5</hdop>
        <extensions>
          <osmand:speed>0.2</osmand:speed>
        </extensions>
      </trkpt>
      <trkpt lat="-8.4944393" lon="116.2444878">
        <ele>493.3</ele>
        <time>2026-07-26T05:03:09Z</time>
        <hdop>4.7</hdop>
        <extensions>
          <osmand:speed>0.2</osmand:speed>
        </extensions>
      </trkpt>
      <trkpt lat="-8.4944431" lon="116.244458">
        <ele>491.4</ele>
        <time>2026-07-26T05:03:14Z</time>
        <hdop>5.1</hdop>
        <extensions>
          <osmand:speed>0.3</osmand:speed>
        </extensions>
      </trkpt>
      <trkpt lat="-8.494427" lon="116.2444591">
        <ele>491.1</ele>
        <time>2026-07-26T05:03:20Z</time>
        <hdop>5</hdop>
        <extensions>
          <osmand:speed>0.1</osmand:speed>
        </extensions>
      </trkpt>
      <trkpt lat="-8.4944224" lon="116.2444686">
        <ele>491.6</ele>
        <time>2026-07-26T05:03:25Z</time>
        <hdop>4.6</hdop>
        <extensions>
          <osmand:speed>0.1</osmand:speed>
        </extensions>
      </trkpt>
      <trkpt lat="-8.4944146" lon="116.2444729">
        <ele>491.7</ele>
        <time>2026-07-26T05:03:31Z</time>
        <hdop>4.5</hdop>
        <extensions>
          <osmand:speed>0.1</osmand:speed>
        </extensions>
      </trkpt>
      <trkpt lat="-8.4944117" lon="116.244475">
        <ele>490.8</ele>
        <time>2026-07-26T05:03:36Z</time>
        <hdop>4.2</hdop>
        <extensions>
          <osmand:speed>0.1</osmand:speed>
        </extensions>
      </trkpt>
      <trkpt lat="-8.4944085" lon="116.2444803">
        <ele>490.2</ele>
        <time>2026-07-26T05:03:42Z</time>
        <hdop>4.3</hdop>
        <extensions>
          <osmand:speed>0.1</osmand:speed>
        </extensions>
      </trkpt>
      <trkpt lat="-8.4944152" lon="116.2444824">
        <ele>489.1</ele>
        <time>2026-07-26T05:03:47Z</time>
        <hdop>4.2</hdop>
        <extensions>
          <osmand:speed>0.2</osmand:speed>
        </extensions>
      </trkpt>
      <trkpt lat="-8.4944216" lon="116.2444746">
        <ele>488.6</ele>
        <time>2026-07-26T05:03:53Z</time>
        <hdop>4.5</hdop>
        <extensions>
          <osmand:speed>0.3</osmand:speed>
        </extensions>
      </trkpt>
      <trkpt lat="-8.494408" lon="116.2444656">
        <ele>488.1</ele>
        <time>2026-07-26T05:03:58Z</time>
        <hdop>4.6</hdop>
        <extensions>
          <osmand:speed>0.2</osmand:speed>
        </extensions>
      </trkpt>
      <trkpt lat="-8.4943823" lon="116.2444546">
        <ele>486.9</ele>
        <time>2026-07-26T05:04:03Z</time>
        <hdop>4.4</hdop>
        <extensions>
          <osmand:speed>0.2</osmand:speed>
        </extensions>
      </trkpt>
      <trkpt lat="-8.4943712" lon="116.2444504">
        <ele>486.6</ele>
        <time>2026-07-26T05:04:09Z</time>
        <hdop>4.8</hdop>
        <extensions>
          <osmand:speed>0.2</osmand:speed>
        </extensions>
      </trkpt>
      <trkpt lat="-8.4943455" lon="116.2444446">
        <ele>485.2</ele>
        <time>2026-07-26T05:04:14Z</time>
        <hdop>5.4</hdop>
        <extensions>
          <osmand:speed>0.2</osmand:speed>
        </extensions>
      </trkpt>
      <trkpt lat="-8.4943071" lon="116.2444195">
        <ele>483.6</ele>
        <time>2026-07-26T05:04:19Z</time>
        <hdop>5.3</hdop>
        <extensions>
          <osmand:speed>0.4</osmand:speed>
        </extensions>
      </trkpt>
      <trkpt lat="-8.4942652" lon="116.24442">
        <ele>483.4</ele>
        <time>2026-07-26T05:04:24Z</time>
        <hdop>5</hdop>
        <extensions>
          <osmand:speed>0.9</osmand:speed>
        </extensions>
      </trkpt>
      <trkpt lat="-8.4942609" lon="116.2443941">
        <ele>485.4</ele>
        <time>2026-07-26T05:04:29Z</time>
        <hdop>5.3</hdop>
        <extensions>
          <osmand:speed>0.5</osmand:speed>
        </extensions>
      </trkpt>
      <trkpt lat="-8.4942892" lon="116.2443672">
        <ele>482</ele>
        <time>2026-07-26T05:04:34Z</time>
        <hdop>4.8</hdop>
        <extensions>
          <osmand:speed>0.1</osmand:speed>
        </extensions>
      </trkpt>
      <trkpt lat="-8.4942926" lon="116.2443513">
        <ele>480.5</ele>
        <time>2026-07-26T05:04:40Z</time>
        <hdop>3.7</hdop>
        <extensions>
          <osmand:speed>0.1</osmand:speed>
        </extensions>
      </trkpt>
      <trkpt lat="-8.494304" lon="116.2443919">
        <ele>479.9</ele>
        <time>2026-07-26T05:04:45Z</time>
        <hdop>4.3</hdop>
        <extensions>
          <osmand:speed>0.8</osmand:speed>
        </extensions>
      </trkpt>
      <trkpt lat="-8.4942588" lon="116.2444206">
        <ele>479.5</ele>
        <time>2026-07-26T05:04:50Z</time>
        <hdop>5</hdop>
        <extensions>
          <osmand:speed>0.9</osmand:speed>
        </extensions>
      </trkpt>
      <trkpt lat="-8.4941908" lon="116.2444733">
        <ele>479.7</ele>
        <time>2026-07-26T05:04:56Z</time>
        <hdop>4.4</hdop>
        <extensions>
          <osmand:speed>1.2</osmand:speed>
        </extensions>
      </trkpt>
      <trkpt lat="-8.494146" lon="116.2444765">
        <ele>476.9</ele>
        <time>2026-07-26T05:05:01Z</time>
        <hdop>4.3</hdop>
        <extensions>
          <osmand:speed>0.2</osmand:speed>
        </extensions>
      </trkpt>
      <trkpt lat="-8.4941493" lon="116.2444762">
        <ele>476.9</ele>
        <time>2026-07-26T05:05:06Z</time>
        <hdop>3.6</hdop>
        <extensions>
          <osmand:speed>0.1</osmand:speed>
        </extensions>
      </trkpt>
      <trkpt lat="-8.4941498" lon="116.2444783">
        <ele>476.9</ele>
        <time>2026-07-26T05:05:11Z</time>
        <hdop>4.3</hdop>
        <extensions>
          <osmand:speed>0.1</osmand:speed>
        </extensions>
      </trkpt>
      <trkpt lat="-8.4941366" lon="116.2444595">
        <ele>476.3</ele>
        <time>2026-07-26T05:05:17Z</time>
        <hdop>6.8</hdop>
        <extensions>
          <osmand:speed>0</osmand:speed>
        </extensions>
      </trkpt>
      <trkpt lat="-8.494135" lon="116.2444358">
        <ele>474.8</ele>
        <time>2026-07-26T05:05:23Z</time>
        <hdop>9.1</hdop>
        <extensions>
          <osmand:speed>0.1</osmand:speed>
        </extensions>
      </trkpt>
      <trkpt lat="-8.4941341" lon="116.2444354">
        <ele>474.8</ele>
        <time>2026-07-26T05:05:28Z</time>
        <hdop>5.4</hdop>
        <extensions>
          <osmand:speed>0.1</osmand:speed>
        </extensions>
      </trkpt>
      <trkpt lat="-8.4941327" lon="116.2444342">
        <ele>475.4</ele>
        <time>2026-07-26T05:05:33Z</time>
        <hdop>4.4</hdop>
        <extensions>
          <osmand:speed>0.1</osmand:speed>
        </extensions>
      </trkpt>
      <trkpt lat="-8.4941361" lon="116.2444304">
        <ele>475</ele>
        <time>2026-07-26T05:05:38Z</time>
        <hdop>4</hdop>
        <extensions>
          <osmand:speed>0.1</osmand:speed>
        </extensions>
      </trkpt>
      <trkpt lat="-8.4941381" lon="116.2444291">
        <ele>475.4</ele>
        <time>2026-07-26T05:05:43Z</time>
        <hdop>4.6</hdop>
        <extensions>
          <osmand:speed>0.1</osmand:speed>
        </extensions>
      </trkpt>
      <trkpt lat="-8.4941383" lon="116.2444273">
        <ele>475.1</ele>
        <time>2026-07-26T05:05:49Z</time>
        <hdop>4.6</hdop>
        <extensions>
          <osmand:speed>0.2</osmand:speed>
        </extensions>
      </trkpt>
      <trkpt lat="-8.4941371" lon="116.2444078">
        <ele>474.8</ele>
        <time>2026-07-26T05:05:54Z</time>
        <hdop>7</hdop>
        <extensions>
          <osmand:speed>0.7</osmand:speed>
        </extensions>
      </trkpt>
      <trkpt lat="-8.4940993" lon="116.2444148">
        <ele>475.9</ele>
        <time>2026-07-26T05:05:59Z</time>
        <hdop>10.3</hdop>
      </trkpt>
      <trkpt lat="-8.4941041" lon="116.2444023">
        <ele>473.3</ele>
        <time>2026-07-26T05:06:05Z</time>
        <hdop>10.8</hdop>
        <extensions>
          <osmand:speed>0.2</osmand:speed>
        </extensions>
      </trkpt>
      <trkpt lat="-8.4940921" lon="116.2444004">
        <ele>471.7</ele>
        <time>2026-07-26T05:06:11Z</time>
        <hdop>10.8</hdop>
        <extensions>
          <osmand:speed>0.3</osmand:speed>
        </extensions>
      </trkpt>
      <trkpt lat="-8.4941106" lon="116.2443346">
        <ele>471.3</ele>
        <time>2026-07-26T05:06:17Z</time>
        <hdop>10.5</hdop>
        <extensions>
          <osmand:speed>0.5</osmand:speed>
        </extensions>
      </trkpt>
      <trkpt lat="-8.4940731" lon="116.2443128">
        <ele>476</ele>
        <time>2026-07-26T05:06:22Z</time>
        <hdop>10.2</hdop>
      </trkpt>
      <trkpt lat="-8.4940656" lon="116.2443128">
        <ele>476.3</ele>
        <time>2026-07-26T05:06:28Z</time>
        <hdop>9.9</hdop>
      </trkpt>
      <trkpt lat="-8.4940669" lon="116.2443134">
        <ele>479.1</ele>
        <time>2026-07-26T05:06:34Z</time>
        <hdop>10</hdop>
        <extensions>
          <osmand:speed>0.5</osmand:speed>
        </extensions>
      </trkpt>
      <trkpt lat="-8.4940655" lon="116.2442964">
        <ele>480.3</ele>
        <time>2026-07-26T05:06:39Z</time>
        <hdop>9.9</hdop>
      </trkpt>
      <trkpt lat="-8.4940581" lon="116.2443021">
        <ele>477.9</ele>
        <time>2026-07-26T05:06:45Z</time>
        <hdop>9.9</hdop>
        <extensions>
          <osmand:speed>0.2</osmand:speed>
        </extensions>
      </trkpt>
      <trkpt lat="-8.4940673" lon="116.2442862">
        <ele>479.2</ele>
        <time>2026-07-26T05:06:51Z</time>
        <hdop>9.9</hdop>
      </trkpt>
      <trkpt lat="-8.4940693" lon="116.2442831">
        <ele>479</ele>
        <time>2026-07-26T05:06:56Z</time>
        <hdop>9.9</hdop>
      </trkpt>
      <trkpt lat="-8.4940714" lon="116.2442757">
        <ele>478.7</ele>
        <time>2026-07-26T05:07:01Z</time>
        <hdop>9.9</hdop>
      </trkpt>
      <trkpt lat="-8.4940782" lon="116.2442611">
        <ele>481.6</ele>
        <time>2026-07-26T05:07:07Z</time>
        <hdop>9.9</hdop>
      </trkpt>
      <trkpt lat="-8.494082" lon="116.2442636">
        <ele>481.7</ele>
        <time>2026-07-26T05:07:12Z</time>
        <hdop>10</hdop>
        <extensions>
          <osmand:speed>0.4</osmand:speed>
        </extensions>
      </trkpt>
      <trkpt lat="-8.4941106" lon="116.2442656">
        <ele>481.6</ele>
        <time>2026-07-26T05:07:18Z</time>
        <hdop>10.2</hdop>
      </trkpt>
      <trkpt lat="-8.4940971" lon="116.2442823">
        <ele>481</ele>
        <time>2026-07-26T05:07:24Z</time>
        <hdop>10</hdop>
      </trkpt>
      <trkpt lat="-8.4940974" lon="116.2442828">
        <ele>480.9</ele>
        <time>2026-07-26T05:07:30Z</time>
        <hdop>10</hdop>
      </trkpt>
      <trkpt lat="-8.4940977" lon="116.2442795">
        <ele>481.1</ele>
        <time>2026-07-26T05:07:36Z</time>
        <hdop>9.9</hdop>
      </trkpt>
      <trkpt lat="-8.4940946" lon="116.2442825">
        <ele>481.5</ele>
        <time>2026-07-26T05:07:42Z</time>
        <hdop>9.9</hdop>
      </trkpt>
      <trkpt lat="-8.4940984" lon="116.2442859">
        <ele>481.4</ele>
        <time>2026-07-26T05:07:48Z</time>
        <hdop>9.9</hdop>
      </trkpt>
      <trkpt lat="-8.4940994" lon="116.244286">
        <ele>481.6</ele>
        <time>2026-07-26T05:07:54Z</time>
        <hdop>9.9</hdop>
      </trkpt>
      <trkpt lat="-8.4940807" lon="116.2442994">
        <ele>481.1</ele>
        <time>2026-07-26T05:07:59Z</time>
        <hdop>9.9</hdop>
      </trkpt>
      <trkpt lat="-8.4940496" lon="116.244311">
        <ele>482.3</ele>
        <time>2026-07-26T05:08:05Z</time>
        <hdop>9.9</hdop>
        <extensions>
          <osmand:speed>0.2</osmand:speed>
        </extensions>
      </trkpt>
      <trkpt lat="-8.4940383" lon="116.2443108">
        <ele>479.5</ele>
        <time>2026-07-26T05:08:10Z</time>
        <hdop>9.9</hdop>
      </trkpt>
      <trkpt lat="-8.4940383" lon="116.2443103">
        <ele>479.5</ele>
        <time>2026-07-26T05:08:16Z</time>
        <hdop>9.9</hdop>
      </trkpt>
      <trkpt lat="-8.4940394" lon="116.24432">
        <ele>480.3</ele>
        <time>2026-07-26T05:08:21Z</time>
        <hdop>9.9</hdop>
      </trkpt>
      <trkpt lat="-8.4940365" lon="116.2443211">
        <ele>480.4</ele>
        <time>2026-07-26T05:08:27Z</time>
        <hdop>9.9</hdop>
      </trkpt>
      <trkpt lat="-8.4940366" lon="116.2443213">
        <ele>480.4</ele>
        <time>2026-07-26T05:08:33Z</time>
        <hdop>9.9</hdop>
      </trkpt>
      <trkpt lat="-8.4940402" lon="116.2443228">
        <ele>480.8</ele>
        <time>2026-07-26T05:08:39Z</time>
        <hdop>9.9</hdop>
      </trkpt>
      <trkpt lat="-8.4940412" lon="116.2443242">
        <ele>480.7</ele>
        <time>2026-07-26T05:08:44Z</time>
        <hdop>9.9</hdop>
      </trkpt>
      <trkpt lat="-8.4940427" lon="116.2443251">
        <ele>480.3</ele>
        <time>2026-07-26T05:08:50Z</time>
        <hdop>9.9</hdop>
      </trkpt>
      <trkpt lat="-8.4940418" lon="116.2443247">
        <ele>479.8</ele>
        <time>2026-07-26T05:08:56Z</time>
        <hdop>9.9</hdop>
      </trkpt>
      <trkpt lat="-8.4940414" lon="116.2443242">
        <ele>479.7</ele>
        <time>2026-07-26T05:09:02Z</time>
        <hdop>9.9</hdop>
      </trkpt>
      <trkpt lat="-8.4940412" lon="116.244324">
        <ele>479.7</ele>
        <time>2026-07-26T05:09:08Z</time>
        <hdop>9.9</hdop>
      </trkpt>
      <trkpt lat="-8.494041" lon="116.244324">
        <ele>479.7</ele>
        <time>2026-07-26T05:09:14Z</time>
        <hdop>9.9</hdop>
      </trkpt>
      <trkpt lat="-8.4940409" lon="116.2443243">
        <ele>479.7</ele>
        <time>2026-07-26T05:09:20Z</time>
        <hdop>9.9</hdop>
      </trkpt>
      <trkpt lat="-8.4940409" lon="116.2443246">
        <ele>479.7</ele>
        <time>2026-07-26T05:09:25Z</time>
        <hdop>9.9</hdop>
      </trkpt>
      <trkpt lat="-8.49404" lon="116.2443261">
        <ele>480</ele>
        <time>2026-07-26T05:09:31Z</time>
        <hdop>9.9</hdop>
      </trkpt>
      <trkpt lat="-8.4940389" lon="116.2443271">
        <ele>479.9</ele>
        <time>2026-07-26T05:09:37Z</time>
        <hdop>9.9</hdop>
      </trkpt>
      <trkpt lat="-8.4940386" lon="116.2443273">
        <ele>480</ele>
        <time>2026-07-26T05:09:42Z</time>
        <hdop>9.9</hdop>
      </trkpt>
      <trkpt lat="-8.4940384" lon="116.2443275">
        <ele>480</ele>
        <time>2026-07-26T05:09:47Z</time>
        <hdop>9.9</hdop>
      </trkpt>
      <trkpt lat="-8.4940382" lon="116.2443276">
        <ele>480</ele>
        <time>2026-07-26T05:09:53Z</time>
        <hdop>9.9</hdop>
      </trkpt>
      <trkpt lat="-8.4940383" lon="116.2443277">
        <ele>480</ele>
        <time>2026-07-26T05:09:58Z</time>
        <hdop>9.9</hdop>
      </trkpt>
      <trkpt lat="-8.4940383" lon="116.2443277">
        <ele>480</ele>
        <time>2026-07-26T05:10:04Z</time>
        <hdop>9.9</hdop>
      </trkpt>
      <trkpt lat="-8.49403" lon="116.2443413">
        <ele>479.9</ele>
        <time>2026-07-26T05:10:10Z</time>
        <hdop>9.9</hdop>
        <extensions>
          <osmand:speed>0.5</osmand:speed>
        </extensions>
      </trkpt>
      <trkpt lat="-8.4940222" lon="116.2443349">
        <ele>478.9</ele>
        <time>2026-07-26T05:10:15Z</time>
        <hdop>9.9</hdop>
      </trkpt>
      <trkpt lat="-8.494019" lon="116.2443312">
        <ele>477.5</ele>
        <time>2026-07-26T05:10:21Z</time>
        <hdop>9.9</hdop>
      </trkpt>
      <trkpt lat="-8.4940189" lon="116.2443311">
        <ele>477.5</ele>
        <time>2026-07-26T05:10:26Z</time>
        <hdop>9.9</hdop>
      </trkpt>
      <trkpt lat="-8.4940192" lon="116.244331">
        <ele>477.5</ele>
        <time>2026-07-26T05:10:32Z</time>
        <hdop>9.9</hdop>
      </trkpt>
      <trkpt lat="-8.4940194" lon="116.2443311">
        <ele>477.5</ele>
        <time>2026-07-26T05:10:37Z</time>
        <hdop>9.9</hdop>
      </trkpt>
      <trkpt lat="-8.4940195" lon="116.244331">
        <ele>477.5</ele>
        <time>2026-07-26T05:10:43Z</time>
        <hdop>9.9</hdop>
      </trkpt>
      <trkpt lat="-8.4940196" lon="116.2443311">
        <ele>477.6</ele>
        <time>2026-07-26T05:10:49Z</time>
        <hdop>9.9</hdop>
      </trkpt>
      <trkpt lat="-8.4940197" lon="116.2443311">
        <ele>477.6</ele>
        <time>2026-07-26T05:10:54Z</time>
        <hdop>9.9</hdop>
      </trkpt>
      <trkpt lat="-8.4940211" lon="116.244327">
        <ele>478</ele>
        <time>2026-07-26T05:11:00Z</time>
        <hdop>9.9</hdop>
      </trkpt>
      <trkpt lat="-8.4940212" lon="116.2443267">
        <ele>478.1</ele>
        <time>2026-07-26T05:11:06Z</time>
        <hdop>9.9</hdop>
      </trkpt>
      <trkpt lat="-8.4940214" lon="116.2443266">
        <ele>478.1</ele>
        <time>2026-07-26T05:11:12Z</time>
        <hdop>9.9</hdop>
      </trkpt>
      <trkpt lat="-8.4939876" lon="116.2443379">
        <ele>477.2</ele>
        <time>2026-07-26T05:11:18Z</time>
        <hdop>9.9</hdop>
        <extensions>
          <osmand:speed>0.7</osmand:speed>
        </extensions>
      </trkpt>
      <trkpt lat="-8.4939916" lon="116.2443752">
        <ele>474.3</ele>
        <time>2026-07-26T05:11:24Z</time>
        <hdop>9.9</hdop>
        <extensions>
          <osmand:speed>0.6</osmand:speed>
        </extensions>
      </trkpt>
      <trkpt lat="-8.4939942" lon="116.2443704">
        <ele>474.2</ele>
        <time>2026-07-26T05:11:29Z</time>
        <hdop>5.8</hdop>
        <extensions>
          <osmand:speed>0.3</osmand:speed>
        </extensions>
      </trkpt>
      <trkpt lat="-8.4939966" lon="116.2444003">
        <ele>474.9</ele>
        <time>2026-07-26T05:11:34Z</time>
        <hdop>5.5</hdop>
        <extensions>
          <osmand:speed>0.4</osmand:speed>
        </extensions>
      </trkpt>
      <trkpt lat="-8.4939643" lon="116.244432">
        <ele>476.1</ele>
        <time>2026-07-26T05:11:39Z</time>
        <hdop>6.7</hdop>
        <extensions>
          <osmand:speed>0.4</osmand:speed>
        </extensions>
      </trkpt>
      <trkpt lat="-8.4939514" lon="116.2444275">
        <ele>476.3</ele>
        <time>2026-07-26T05:11:45Z</time>
        <hdop>5.9</hdop>
        <extensions>
          <osmand:speed>0.2</osmand:speed>
        </extensions>
      </trkpt>
      <trkpt lat="-8.493939" lon="116.244431">
        <ele>477.7</ele>
        <time>2026-07-26T05:11:50Z</time>
        <hdop>5.3</hdop>
        <extensions>
          <osmand:speed>0.2</osmand:speed>
        </extensions>
      </trkpt>
      <trkpt lat="-8.4939335" lon="116.2444494">
        <ele>481.9</ele>
        <time>2026-07-26T05:11:56Z</time>
        <hdop>4.6</hdop>
        <extensions>
          <osmand:speed>0.3</osmand:speed>
        </extensions>
      </trkpt>
      <trkpt lat="-8.4939346" lon="116.2444529">
        <ele>485.5</ele>
        <time>2026-07-26T05:12:01Z</time>
        <hdop>4.4</hdop>
        <extensions>
          <osmand:speed>0.1</osmand:speed>
        </extensions>
      </trkpt>
      <trkpt lat="-8.4939353" lon="116.2444548">
        <ele>485.2</ele>
        <time>2026-07-26T05:12:06Z</time>
        <hdop>4.5</hdop>
        <extensions>
          <osmand:speed>0.1</osmand:speed>
        </extensions>
      </trkpt>
      <trkpt lat="-8.4939345" lon="116.2444582">
        <ele>483.1</ele>
        <time>2026-07-26T05:12:11Z</time>
        <hdop>4.8</hdop>
        <extensions>
          <osmand:speed>0.1</osmand:speed>
        </extensions>
      </trkpt>
      <trkpt lat="-8.4939341" lon="116.2444596">
        <ele>483.1</ele>
        <time>2026-07-26T05:12:17Z</time>
        <hdop>5.1</hdop>
        <extensions>
          <osmand:speed>0.1</osmand:speed>
        </extensions>
      </trkpt>
      <trkpt lat="-8.4939337" lon="116.2444592">
        <ele>481.6</ele>
        <time>2026-07-26T05:12:22Z</time>
        <hdop>5.1</hdop>
        <extensions>
          <osmand:speed>0.2</osmand:speed>
        </extensions>
      </trkpt>
      <trkpt lat="-8.4939423" lon="116.2444614">
        <ele>481.9</ele>
        <time>2026-07-26T05:12:27Z</time>
        <hdop>4.8</hdop>
        <extensions>
          <osmand:speed>0.2</osmand:speed>
        </extensions>
      </trkpt>
      <trkpt lat="-8.4939392" lon="116.2444629">
        <ele>481.9</ele>
        <time>2026-07-26T05:12:33Z</time>
        <hdop>4.8</hdop>
        <extensions>
          <osmand:speed>0.3</osmand:speed>
        </extensions>
      </trkpt>
      <trkpt lat="-8.4939425" lon="116.2444552">
        <ele>480.7</ele>
        <time>2026-07-26T05:12:39Z</time>
        <hdop>5</hdop>
        <extensions>
          <osmand:speed>0.1</osmand:speed>
        </extensions>
      </trkpt>
      <trkpt lat="-8.4939417" lon="116.2444538">
        <ele>482</ele>
        <time>2026-07-26T05:12:44Z</time>
        <hdop>5.4</hdop>
        <extensions>
          <osmand:speed>0.1</osmand:speed>
        </extensions>
      </trkpt>
      <trkpt lat="-8.4939393" lon="116.2444518">
        <ele>481.8</ele>
        <time>2026-07-26T05:12:50Z</time>
        <hdop>6</hdop>
        <extensions>
          <osmand:speed>0.1</osmand:speed>
        </extensions>
      </trkpt>
      <trkpt lat="-8.4939418" lon="116.2444459">
        <ele>480.1</ele>
        <time>2026-07-26T05:12:56Z</time>
        <hdop>5.3</hdop>
        <extensions>
          <osmand:speed>0.3</osmand:speed>
        </extensions>
      </trkpt>
      <trkpt lat="-8.4939437" lon="116.2444462">
        <ele>480.2</ele>
        <time>2026-07-26T05:13:02Z</time>
        <hdop>4.9</hdop>
        <extensions>
          <osmand:speed>0.2</osmand:speed>
        </extensions>
      </trkpt>
      <trkpt lat="-8.4939482" lon="116.2444461">
        <ele>480.4</ele>
        <time>2026-07-26T05:13:08Z</time>
        <hdop>4.6</hdop>
        <extensions>
          <osmand:speed>0.2</osmand:speed>
        </extensions>
      </trkpt>
      <trkpt lat="-8.4939532" lon="116.2444434">
        <ele>480.4</ele>
        <time>2026-07-26T05:13:14Z</time>
        <hdop>4.5</hdop>
        <extensions>
          <osmand:speed>0.2</osmand:speed>
        </extensions>
      </trkpt>
      <trkpt lat="-8.4939606" lon="116.2444383">
        <ele>480.6</ele>
        <time>2026-07-26T05:13:19Z</time>
        <hdop>4.6</hdop>
        <extensions>
          <osmand:speed>0.3</osmand:speed>
        </extensions>
      </trkpt>
      <trkpt lat="-8.493965" lon="116.2444335">
        <ele>480.6</ele>
        <time>2026-07-26T05:13:25Z</time>
        <hdop>5.3</hdop>
        <extensions>
          <osmand:speed>0.3</osmand:speed>
        </extensions>
      </trkpt>
      <trkpt lat="-8.493975" lon="116.2444317">
        <ele>480.3</ele>
        <time>2026-07-26T05:13:31Z</time>
        <hdop>5.6</hdop>
        <extensions>
          <osmand:speed>0.2</osmand:speed>
        </extensions>
      </trkpt>
      <trkpt lat="-8.4939797" lon="116.2444295">
        <ele>480.6</ele>
        <time>2026-07-26T05:13:36Z</time>
        <hdop>5.3</hdop>
        <extensions>
          <osmand:speed>0.1</osmand:speed>
        </extensions>
      </trkpt>
      <trkpt lat="-8.4939842" lon="116.2444261">
        <ele>480.8</ele>
        <time>2026-07-26T05:13:42Z</time>
        <hdop>5.1</hdop>
        <extensions>
          <osmand:speed>0.2</osmand:speed>
        </extensions>
      </trkpt>
      <trkpt lat="-8.4939886" lon="116.2444229">
        <ele>480.5</ele>
        <time>2026-07-26T05:13:48Z</time>
        <hdop>5.2</hdop>
        <extensions>
          <osmand:speed>0.2</osmand:speed>
        </extensions>
      </trkpt>
      <trkpt lat="-8.493993" lon="116.2444197">
        <ele>481.4</ele>
        <time>2026-07-26T05:13:54Z</time>
        <hdop>10.3</hdop>
      </trkpt>
    </trkseg>
  </trk>
  <extensions>
    <osmand:show_arrows>false</osmand:show_arrows>
    <osmand:show_start_finish>true</osmand:show_start_finish>
    <osmand:split_interval>0.0</osmand:split_interval>
    <osmand:split_type>no_split</osmand:split_type>
    <osmand:line_3d_visualization_by_type>none</osmand:line_3d_visualization_by_type>
    <osmand:line_3d_visualization_wall_color_type>none</osmand:line_3d_visualization_wall_color_type>
    <osmand:line_3d_visualization_position_type>top</osmand:line_3d_visualization_position_type>
    <osmand:vertical_exaggeration_scale>1.0</osmand:vertical_exaggeration_scale>
    <osmand:elevation_meters>1000.0</osmand:elevation_meters>
    <osmand:width></osmand:width>
    <osmand:coloring_type>solid</osmand:coloring_type>
  </extensions>
</gpx>